candidate_lane,candidate_median_ms,case,cell,comparison_scope,control_lane,control_median_ms,dataset,delta_ms,delta_pct,eligible,n,outcome,paired_losses,paired_unavailable,paired_wins,regime,speedup
native-skv-summary,19.20552699999689,A,analytical36|A|http0,same native policy,native-tiff,38.60044799995421,analytical36,-19.39492099995732,-50.24532616818418,True,3,win,0,0,3,http0,2.009861432074239
native-skv-summary,19.20552699999689,A,analytical36|A|http0,same native policy,native-cog,43.07743799995478,analytical36,-23.87191099995789,-55.416273827572915,True,3,win,0,0,3,http0,2.2429708906171517
native-skv-summary,19.20552699999689,A,analytical36|A|http0,same native policy,native-rsi64,44.880460000001676,analytical36,-25.674933000004785,-57.20737487985601,True,3,win,0,0,3,http0,2.336851261619061
native-skv-summary,19.20552699999689,A,analytical36|A|http0,same native policy,native-rsi256,52.92849200003502,analytical36,-33.72296500003813,-63.71419952795144,True,3,win,0,0,3,http0,2.7558989659613915
native-skv-summary,19.20552699999689,A,analytical36|A|http0,cross-policy latency,natural-ee,32.79365000003054,analytical36,-13.588123000033647,-41.43522602705399,True,3,win,0,0,3,http0,1.7075110722051963
native-skv-raw,20.394314999975904,A,analytical36|A|http0,same native policy,native-tiff,38.60044799995421,analytical36,-18.20613299997831,-47.165600254172965,True,3,win,0,0,3,http0,1.892706276234324
native-skv-raw,20.394314999975904,A,analytical36|A|http0,same native policy,native-cog,43.07743799995478,analytical36,-22.683122999978877,-52.65662038676183,True,3,win,0,0,3,http0,2.112227745820621
native-skv-raw,20.394314999975904,A,analytical36|A|http0,same native policy,native-rsi64,44.880460000001676,analytical36,-24.486145000025772,-54.55858741203824,True,3,win,0,0,3,http0,2.2006358144441087
native-skv-raw,20.394314999975904,A,analytical36|A|http0,same native policy,native-rsi256,52.92849200003502,analytical36,-32.53417700005912,-61.46817294556133,True,3,win,0,0,3,http0,2.595257158678659
native-skv-raw,20.394314999975904,A,analytical36|A|http0,cross-policy latency,natural-ee,32.79365000003054,analytical36,-12.399335000054634,-37.81017056668925,True,3,win,0,0,3,http0,1.6079799689310126
native-skv-summary,6.277950999958648,A,analytical36|A|local,same native policy,native-tiff,22.61392100001558,analytical36,-16.335970000056932,-72.23855606484906,True,3,win,0,0,3,local,3.602118111492832
native-skv-summary,6.277950999958648,A,analytical36|A|local,same native policy,native-cog,21.772166999994624,analytical36,-15.494216000035976,-71.16524505824249,True,3,win,0,0,3,local,3.4680371032105914
native-skv-summary,6.277950999958648,A,analytical36|A|local,same native policy,native-rsi64,23.660935999998856,analytical36,-17.382985000040208,-73.46702176127373,True,3,win,0,0,3,local,3.768894660081722
native-skv-summary,6.277950999958648,A,analytical36|A|local,same native policy,native-rsi256,28.423246000102154,analytical36,-22.145295000143506,-77.91261772164908,True,3,win,0,0,3,local,4.527471781842415
native-skv-summary,6.277950999958648,A,analytical36|A|local,cross-policy latency,natural-ee,29.081482000037795,analytical36,-22.803531000079147,-78.41254788889202,True,3,win,0,0,3,local,4.6323206409590245
native-skv-raw,5.4333309999492485,A,analytical36|A|local,same native policy,native-tiff,22.61392100001558,analytical36,-17.18059000006633,-75.97351206831621,True,3,win,0,0,3,local,4.162073137128368
native-skv-raw,5.4333309999492485,A,analytical36|A|local,same native policy,native-cog,21.772166999994624,analytical36,-16.338836000045376,-75.0446016698724,True,3,win,0,0,3,local,4.007149021511481
native-skv-raw,5.4333309999492485,A,analytical36|A|local,same native policy,native-rsi64,23.660935999998856,analytical36,-18.227605000049607,-77.0367030283607,True,3,win,0,0,3,local,4.3547753671219125
native-skv-raw,5.4333309999492485,A,analytical36|A|local,same native policy,native-rsi256,28.423246000102154,analytical36,-22.989915000152905,-80.88419950371002,True,3,win,0,0,3,local,5.231274516565924
native-skv-raw,5.4333309999492485,A,analytical36|A|local,cross-policy latency,natural-ee,29.081482000037795,analytical36,-23.648151000088546,-81.31687030275077,True,3,win,0,0,3,local,5.352422298643215
native-skv-summary,26.05138799992801,B,analytical36|B|http0,same native policy,native-tiff,42.524689000003946,analytical36,-16.473301000075935,-38.73820452884301,True,3,win,0,0,3,http0,1.6323387068712598
native-skv-summary,26.05138799992801,B,analytical36|B|http0,same native policy,native-cog,49.34902500002636,analytical36,-23.297637000098348,-47.209923600488366,True,3,win,0,0,3,http0,1.8942954210410106
native-skv-summary,26.05138799992801,B,analytical36|B|http0,same native policy,native-rsi64,76.81749500000024,analytical36,-50.766107000072225,-66.08664731917133,True,3,win,0,0,3,http0,2.9486910639929245
native-skv-summary,26.05138799992801,B,analytical36|B|http0,same native policy,native-rsi256,49.003493999975944,analytical36,-22.952106000047934,-46.83769283892124,True,3,win,0,0,3,http0,1.8810319818702697
native-skv-summary,26.05138799992801,B,analytical36|B|http0,cross-policy latency,natural-ee,40.88756400000193,analytical36,-14.83617600007392,-36.28530180979532,True,3,win,0,0,3,http0,1.569496565792
native-skv-raw,28.09091599999647,B,analytical36|B|http0,same native policy,native-tiff,42.524689000003946,analytical36,-14.433773000007477,-33.942101257944856,True,3,win,0,0,3,http0,1.513823507927235
native-skv-raw,28.09091599999647,B,analytical36|B|http0,same native policy,native-cog,49.34902500002636,analytical36,-21.25810900002989,-43.07705977984071,True,3,win,0,0,3,http0,1.7567609756845437
native-skv-raw,28.09091599999647,B,analytical36|B|http0,same native policy,native-rsi64,76.81749500000024,analytical36,-48.72657900000377,-63.43161671700388,True,3,win,0,0,3,http0,2.7346027092890064
native-skv-raw,28.09091599999647,B,analytical36|B|http0,same native policy,native-rsi256,49.003493999975944,analytical36,-20.912577999979476,-42.67568757442019,True,3,win,0,0,3,http0,1.744460522397422
native-skv-raw,28.09091599999647,B,analytical36|B|http0,cross-policy latency,natural-ee,40.88756400000193,analytical36,-12.796648000005462,-31.297164096165908,True,3,win,0,0,3,http0,1.45554399151694
native-skv-summary,9.948066999982075,B,analytical36|B|local,same native policy,native-tiff,28.401808000012352,analytical36,-18.453741000030277,-64.97382490587307,True,3,win,0,0,3,local,2.8550077115547703
native-skv-summary,9.948066999982075,B,analytical36|B|local,same native policy,native-cog,28.754156999980296,analytical36,-18.80608999999822,-65.40303024710865,True,3,win,0,0,3,local,2.8904265522168386
native-skv-summary,9.948066999982075,B,analytical36|B|local,same native policy,native-rsi64,31.050820000018575,analytical36,-21.1027530000365,-67.96198296864262,True,3,win,0,0,3,local,3.1212918047369933
native-skv-summary,9.948066999982075,B,analytical36|B|local,same native policy,native-rsi256,28.105720999974437,analytical36,-18.157653999992363,-64.60483258909771,True,3,win,0,0,3,local,2.8252444419629543
native-skv-summary,9.948066999982075,B,analytical36|B|local,cross-policy latency,natural-ee,36.203956000008475,analytical36,-26.2558890000264,-72.52215476126491,True,3,win,0,0,3,local,3.6392955536059124
native-skv-raw,10.485588000051393,B,analytical36|B|local,same native policy,native-tiff,28.401808000012352,analytical36,-17.91621999996096,-63.08126581220874,True,3,win,0,0,3,local,2.7086519134523637
native-skv-raw,10.485588000051393,B,analytical36|B|local,same native policy,native-cog,28.754156999980296,analytical36,-18.268568999928902,-63.53366228034931,True,3,win,0,0,3,local,2.74225508381975
native-skv-raw,10.485588000051393,B,analytical36|B|local,same native policy,native-rsi64,31.050820000018575,analytical36,-20.56523199996718,-66.23088214725048,True,3,win,0,0,3,local,2.961285528276181
native-skv-raw,10.485588000051393,B,analytical36|B|local,same native policy,native-rsi256,28.105720999974437,analytical36,-17.620132999923044,-62.69233584130103,True,3,win,0,0,3,local,2.6804143935310716
native-skv-raw,10.485588000051393,B,analytical36|B|local,cross-policy latency,natural-ee,36.203956000008475,analytical36,-25.71836799995708,-71.03745237109187,True,3,win,0,0,3,local,3.4527349348296945
native-skv-summary,152.04062800000884,C,analytical36|C|http0,same native policy,native-tiff,404.3284420000077,analytical36,-252.2878139999989,-62.396751698213215,True,3,win,0,0,3,http0,2.6593447246217914
native-skv-summary,152.04062800000884,C,analytical36|C|http0,same native policy,native-cog,460.4293919999236,analytical36,-308.3887639999148,-66.97851383040418,True,3,win,0,0,3,http0,3.0283312957632407
native-skv-summary,152.04062800000884,C,analytical36|C|http0,same native policy,native-rsi64,655.1899620000086,analytical36,-503.1493339999997,-76.79442042489552,True,3,win,0,0,3,http0,4.3093084435297815
native-skv-summary,152.04062800000884,C,analytical36|C|http0,same native policy,native-rsi256,680.9610280000129,analytical36,-528.9204000000041,-77.67263885180725,True,3,win,0,0,3,http0,4.478809624490458
native-skv-summary,152.04062800000884,C,analytical36|C|http0,cross-policy latency,natural-ee,254.1111570000112,analytical36,-102.07052900000235,-40.167669222016045,True,3,win,0,0,3,http0,1.671337196791876
native-skv-raw,165.48917099999017,C,analytical36|C|http0,same native policy,native-tiff,404.3284420000077,analytical36,-238.83927100001756,-59.07060849308567,True,3,win,0,0,3,http0,2.4432320227166513
native-skv-raw,165.48917099999017,C,analytical36|C|http0,same native policy,native-cog,460.4293919999236,analytical36,-294.94022099993344,-64.05764404371091,True,3,win,0,0,3,http0,2.782232754069153
native-skv-raw,165.48917099999017,C,analytical36|C|http0,same native policy,native-rsi64,655.1899620000086,analytical36,-489.7007910000184,-74.74180304978665,True,3,win,0,0,3,http0,3.9591107867719484
native-skv-raw,165.48917099999017,C,analytical36|C|http0,same native policy,native-rsi256,680.9610280000129,analytical36,-515.4718570000227,-75.69770307031622,True,3,win,0,0,3,http0,4.114837387154797
native-skv-raw,165.48917099999017,C,analytical36|C|http0,cross-policy latency,natural-ee,254.1111570000112,analytical36,-88.62198600002102,-34.87528333910074,True,3,win,0,0,3,http0,1.5355153177969953
native-skv-summary,144.07895900001222,C,analytical36|C|local,same native policy,native-tiff,249.00358100001085,analytical36,-104.92462199999864,-42.137796403817205,True,3,win,0,0,3,local,1.728243892989189
native-skv-summary,144.07895900001222,C,analytical36|C|local,same native policy,native-cog,267.6608379999834,analytical36,-123.5818789999712,-46.17107228812414,True,3,win,0,0,3,local,1.8577371731285255
native-skv-summary,144.07895900001222,C,analytical36|C|local,same native policy,native-rsi64,305.68306499998243,analytical36,-161.60410599997022,-52.86655510339753,True,3,win,0,0,3,local,2.1216357136502944
native-skv-summary,144.07895900001222,C,analytical36|C|local,same native policy,native-rsi256,311.107694000043,analytical36,-167.0287350000308,-53.688397368921294,True,3,win,0,0,3,local,2.159286103670534
native-skv-summary,144.07895900001222,C,analytical36|C|local,cross-policy latency,natural-ee,248.32064999998238,analytical36,-104.24169099997016,-41.97866387671648,True,3,win,0,0,3,local,1.7235039156547578
native-skv-raw,142.39804399994682,C,analytical36|C|local,same native policy,native-tiff,249.00358100001085,analytical36,-106.60553700006403,-42.812852960560186,True,3,win,0,0,3,local,1.7486446723952462
native-skv-raw,142.39804399994682,C,analytical36|C|local,same native policy,native-cog,267.6608379999834,analytical36,-125.26279400003659,-46.79907413278156,True,3,win,0,0,3,local,1.87966653530777
native-skv-raw,142.39804399994682,C,analytical36|C|local,same native policy,native-rsi64,305.68306499998243,analytical36,-163.2850210000356,-53.41644326945132,True,3,win,0,0,3,local,2.1466802240633065
native-skv-raw,142.39804399994682,C,analytical36|C|local,same native policy,native-rsi256,311.107694000043,analytical36,-168.7096500000962,-54.2286974105092,True,3,win,0,0,3,local,2.184775052107873
native-skv-raw,142.39804399994682,C,analytical36|C|local,cross-policy latency,natural-ee,248.32064999998238,analytical36,-105.92260600003556,-42.65557697277414,True,3,win,0,0,3,local,1.7438487427543254
native-skv-summary,271.75456000009035,D,analytical36|D|http0,same native policy,native-tiff,858.1470519999925,analytical36,-586.3924919999022,-68.33240184572786,True,3,win,0,0,3,http0,3.157801848843704
native-skv-summary,271.75456000009035,D,analytical36|D|http0,same native policy,native-cog,479.4667379999282,analytical36,-207.71217799983788,-43.321498977447106,True,3,win,0,0,3,http0,1.7643374153492357
native-skv-summary,271.75456000009035,D,analytical36|D|http0,same native policy,native-rsi64,1066.2930099999812,analytical36,-794.5384499998909,-74.5140822033434,True,3,win,0,0,3,http0,3.9237354839588585
native-skv-summary,271.75456000009035,D,analytical36|D|http0,same native policy,native-rsi256,808.2510809999803,analytical36,-536.49652099989,-66.37745789787604,True,3,win,0,0,3,http0,2.9741951009017535
native-skv-summary,271.75456000009035,D,analytical36|D|http0,cross-policy latency,natural-ee,374.98319700000593,analytical36,-103.22863699991558,-27.52887004691945,True,3,win,0,0,3,http0,1.3798598154153559
native-skv-raw,282.9863160000059,D,analytical36|D|http0,same native policy,native-tiff,858.1470519999925,analytical36,-575.1607359999866,-67.02356369569998,True,3,win,0,0,3,http0,3.0324683685410947
native-skv-raw,282.9863160000059,D,analytical36|D|http0,same native policy,native-cog,479.4667379999282,analytical36,-196.48042199992233,-40.97894732375611,True,3,win,0,0,3,http0,1.6943106817925366
native-skv-raw,282.9863160000059,D,analytical36|D|http0,same native policy,native-rsi64,1066.2930099999812,analytical36,-783.3066939999753,-73.46073608791538,True,3,win,0,0,3,http0,3.7680020188677923
native-skv-raw,282.9863160000059,D,analytical36|D|http0,same native policy,native-rsi256,808.2510809999803,analytical36,-525.2647649999744,-64.98782090710093,True,3,win,0,0,3,http0,2.8561489913171756
native-skv-raw,282.9863160000059,D,analytical36|D|http0,cross-policy latency,natural-ee,374.98319700000593,analytical36,-91.99688100000003,-24.533600901588816,True,3,win,0,0,3,http0,1.325093037360853
native-skv-summary,234.11493600002586,D,analytical36|D|local,same native policy,native-tiff,680.7215910000082,analytical36,-446.6066549999823,-65.60782864899271,True,3,win,0,0,3,local,2.907638455839199
native-skv-summary,234.11493600002586,D,analytical36|D|local,same native policy,native-cog,373.19249799998033,analytical36,-139.07756199995447,-37.26697689404298,True,3,win,0,0,3,local,1.5940567670570966
native-skv-summary,234.11493600002586,D,analytical36|D|local,same native policy,native-rsi64,551.9742589999623,analytical36,-317.85932299993647,-57.58589604809057,True,3,win,0,0,3,local,2.357706297730194
native-skv-summary,234.11493600002586,D,analytical36|D|local,same native policy,native-rsi256,420.99950200008607,analytical36,-186.8845660000602,-44.39068576380929,True,3,win,0,0,3,local,1.7982599025635835
native-skv-summary,234.11493600002586,D,analytical36|D|local,cross-policy latency,natural-ee,366.0691009999937,analytical36,-131.95416499996782,-36.046244995687324,True,3,win,0,0,3,local,1.5636298446159507
native-skv-raw,242.68753000001198,D,analytical36|D|local,same native policy,native-tiff,680.7215910000082,analytical36,-438.0340609999962,-64.34848942524447,True,3,win,0,0,3,local,2.8049302368357147
native-skv-raw,242.68753000001198,D,analytical36|D|local,same native policy,native-cog,373.19249799998033,analytical36,-130.50496799996836,-34.96987980716998,True,3,win,0,0,3,local,1.5377489646870686
native-skv-raw,242.68753000001198,D,analytical36|D|local,same native policy,native-rsi64,551.9742589999623,analytical36,-309.28672899995036,-56.03281746512956,True,3,win,0,0,3,local,2.2744236549769785
native-skv-raw,242.68753000001198,D,analytical36|D|local,same native policy,native-rsi256,420.99950200008607,analytical36,-178.3119720000741,-42.354437749438866,True,3,win,0,0,3,local,1.7347389130379518
native-skv-raw,242.68753000001198,D,analytical36|D|local,cross-policy latency,natural-ee,366.0691009999937,analytical36,-123.3815709999817,-33.70444833036695,True,3,win,0,0,3,local,1.5083968302779118
native-skv-summary,41.93107600008261,A,analytical40-1025x1031|A|http0,same native policy,native-tiff,70.3768269999614,analytical40-1025x1031,-28.445750999878783,-40.4192007688758,True,3,win,0,0,3,http0,1.678393061027643
native-skv-summary,41.93107600008261,A,analytical40-1025x1031|A|http0,same native policy,native-cog,100.23022800004355,analytical40-1025x1031,-58.29915199996094,-58.16523933272466,True,3,win,0,0,3,http0,2.390356689149739
native-skv-summary,41.93107600008261,A,analytical40-1025x1031|A|http0,same native policy,native-rsi64,66.90111000000343,analytical40-1025x1031,-24.970033999920815,-37.323796271720354,True,3,win,0,0,3,http0,1.5955018659638407
native-skv-summary,41.93107600008261,A,analytical40-1025x1031|A|http0,same native policy,native-rsi256,86.2650899999835,analytical40-1025x1031,-44.33401399990089,-51.39276386300573,True,3,win,0,0,3,http0,2.0573068527937024
native-skv-summary,41.93107600008261,A,analytical40-1025x1031|A|http0,cross-policy latency,natural-ee,51.114096999981484,analytical40-1025x1031,-9.183020999898872,-17.96573066702557,True,3,win,0,0,3,http0,1.2190027510832486
native-skv-raw,69.15826700003436,A,analytical40-1025x1031|A|http0,same native policy,native-tiff,70.3768269999614,analytical40-1025x1031,-1.218559999927038,-1.7314790277880854,True,3,win,1,0,2,http0,1.0176198747132637
native-skv-raw,69.15826700003436,A,analytical40-1025x1031|A|http0,same native policy,native-cog,100.23022800004355,analytical40-1025x1031,-31.071961000009196,-31.00058896403557,True,3,win,0,0,3,http0,1.4492877330195935
native-skv-raw,69.15826700003436,A,analytical40-1025x1031|A|http0,same native policy,native-rsi64,66.90111000000343,analytical40-1025x1031,2.2571570000309293,3.373870777376964,True,3,loss,2,0,1,http0,0.9673624412822576
native-skv-raw,69.15826700003436,A,analytical40-1025x1031|A|http0,same native policy,native-rsi256,86.2650899999835,analytical40-1025x1031,-17.106822999949145,-19.83052820086598,True,3,win,0,0,3,http0,1.247357600790382
native-skv-raw,69.15826700003436,A,analytical40-1025x1031|A|http0,cross-policy latency,natural-ee,51.114096999981484,analytical40-1025x1031,18.044170000052873,35.30174855687935,True,3,loss,3,0,0,http0,0.7390887484204324
native-skv-summary,13.11764900003709,A,analytical40-1025x1031|A|local,same native policy,native-tiff,43.56541999999308,analytical40-1025x1031,-30.447770999955992,-69.88976807743579,True,3,win,0,0,3,local,3.321130181168127
native-skv-summary,13.11764900003709,A,analytical40-1025x1031|A|local,same native policy,native-cog,43.57948900002384,analytical40-1025x1031,-30.46183999998675,-69.89948872500567,True,3,win,0,0,3,local,3.3222027056754317
native-skv-summary,13.11764900003709,A,analytical40-1025x1031|A|local,same native policy,native-rsi64,31.824233000008917,analytical40-1025x1031,-18.706583999971826,-58.78094218316773,True,3,win,0,0,3,local,2.4260622463612904
native-skv-summary,13.11764900003709,A,analytical40-1025x1031|A|local,same native policy,native-rsi256,41.8296270000269,analytical40-1025x1031,-28.711977999989813,-68.64029172426363,True,3,win,0,0,3,local,3.1888051738469776
native-skv-summary,13.11764900003709,A,analytical40-1025x1031|A|local,cross-policy latency,natural-ee,46.85741399998733,analytical40-1025x1031,-33.73976499995024,-72.00517937238142,True,3,win,0,0,3,local,3.572089327886029
native-skv-raw,17.54885499997272,A,analytical40-1025x1031|A|local,same native policy,native-tiff,43.56541999999308,analytical40-1025x1031,-26.016565000020364,-59.71838444349784,True,3,win,0,0,3,local,2.4825220790792795
native-skv-raw,17.54885499997272,A,analytical40-1025x1031|A|local,same native policy,native-cog,43.57948900002384,analytical40-1025x1031,-26.030634000051123,-59.7313887733674,True,3,win,0,0,3,local,2.4833237838076383
native-skv-raw,17.54885499997272,A,analytical40-1025x1031|A|local,same native policy,native-rsi64,31.824233000008917,analytical40-1025x1031,-14.275378000036199,-44.85694282100121,True,3,win,0,0,3,local,1.8134649240681737
native-skv-raw,17.54885499997272,A,analytical40-1025x1031|A|local,same native policy,native-rsi256,41.8296270000269,analytical40-1025x1031,-24.280772000054185,-58.04682886614927,True,3,win,0,0,3,local,2.3836100417999884
native-skv-raw,17.54885499997272,A,analytical40-1025x1031|A|local,cross-policy latency,natural-ee,46.85741399998733,analytical40-1025x1031,-29.30855900001461,-62.548392021852806,True,3,win,0,0,3,local,2.670112323570978
native-skv-summary,70.13147399993613,B,analytical40-1025x1031|B|http0,same native policy,native-tiff,88.91749700001128,analytical40-1025x1031,-18.786023000075147,-21.12747618173818,True,3,win,0,0,3,http0,1.267868646252783
native-skv-summary,70.13147399993613,B,analytical40-1025x1031|B|http0,same native policy,native-cog,118.53839399998378,analytical40-1025x1031,-48.40692000004765,-40.8364904961124,True,3,win,0,0,3,http0,1.6902310366397222
native-skv-summary,70.13147399993613,B,analytical40-1025x1031|B|http0,same native policy,native-rsi64,203.60824499999808,analytical40-1025x1031,-133.47677100006194,-65.55568071423788,True,3,win,0,0,3,http0,2.903236355764938
native-skv-summary,70.13147399993613,B,analytical40-1025x1031|B|http0,same native policy,native-rsi256,118.33857699997452,analytical40-1025x1031,-48.20710300003839,-40.73659175405563,True,3,win,0,0,3,http0,1.6873818593928638
native-skv-summary,70.13147399993613,B,analytical40-1025x1031|B|http0,cross-policy latency,natural-ee,80.63999499995589,analytical40-1025x1031,-10.508521000019755,-13.031400857633368,True,3,win,0,0,3,http0,1.1498402985231613
native-skv-raw,92.92181500001107,B,analytical40-1025x1031|B|http0,same native policy,native-tiff,88.91749700001128,analytical40-1025x1031,4.004317999999785,4.503408367420958,True,3,loss,3,0,0,http0,0.9569065886196981
native-skv-raw,92.92181500001107,B,analytical40-1025x1031|B|http0,same native policy,native-cog,118.53839399998378,analytical40-1025x1031,-25.616578999972717,-21.61036448661201,True,3,win,0,0,3,http0,1.2756788489330484
native-skv-raw,92.92181500001107,B,analytical40-1025x1031|B|http0,same native policy,native-rsi64,203.60824499999808,analytical40-1025x1031,-110.68642999998701,-54.36244981139544,True,3,win,0,0,3,http0,2.191178088804807
native-skv-raw,92.92181500001107,B,analytical40-1025x1031|B|http0,same native policy,native-rsi256,118.33857699997452,analytical40-1025x1031,-25.416761999963455,-21.478002055043245,True,3,win,0,0,3,http0,1.273528471220245
native-skv-raw,92.92181500001107,B,analytical40-1025x1031|B|http0,cross-policy latency,natural-ee,80.63999499995589,analytical40-1025x1031,12.281820000055177,15.230432492043056,True,3,loss,3,0,0,http0,0.867826301067691
native-skv-summary,24.692636000054335,B,analytical40-1025x1031|B|local,same native policy,native-tiff,61.989874999994754,analytical40-1025x1031,-37.29723899994042,-60.166662700874255,True,3,win,0,0,3,local,2.510460001105526
native-skv-summary,24.692636000054335,B,analytical40-1025x1031|B|local,same native policy,native-cog,58.42801800002917,analytical40-1025x1031,-33.735381999974834,-57.73836449485243,True,3,win,0,0,3,local,2.3662122585818945
native-skv-summary,24.692636000054335,B,analytical40-1025x1031|B|local,same native policy,native-rsi64,55.32991200004744,analytical40-1025x1031,-30.637275999993108,-55.37199480810098,True,3,win,0,0,3,local,2.240745459493498
native-skv-summary,24.692636000054335,B,analytical40-1025x1031|B|local,same native policy,native-rsi256,57.86450199997262,analytical40-1025x1031,-33.17186599991828,-57.32679769703017,True,3,win,0,0,3,local,2.343391041760195
native-skv-summary,24.692636000054335,B,analytical40-1025x1031|B|local,cross-policy latency,natural-ee,76.69720799992774,analytical40-1025x1031,-52.004571999873406,-67.80503926547418,True,3,win,0,0,3,local,3.1060761597003648
native-skv-raw,34.905563999927836,B,analytical40-1025x1031|B|local,same native policy,native-tiff,61.989874999994754,analytical40-1025x1031,-27.08431100006692,-43.69150768584258,True,3,win,0,0,3,local,1.7759310521417992
native-skv-raw,34.905563999927836,B,analytical40-1025x1031|B|local,same native policy,native-cog,58.42801800002917,analytical40-1025x1031,-23.522454000101334,-40.25886005595738,True,3,win,0,0,3,local,1.6738883806647549
native-skv-raw,34.905563999927836,B,analytical40-1025x1031|B|local,same native policy,native-rsi64,55.32991200004744,analytical40-1025x1031,-20.424348000119608,-36.91375471571705,True,3,win,0,0,3,local,1.5851315853301162
native-skv-raw,34.905563999927836,B,analytical40-1025x1031|B|local,same native policy,native-rsi256,57.86450199997262,analytical40-1025x1031,-22.958938000044782,-39.67706833466854,True,3,win,0,0,3,local,1.657744364196271
native-skv-raw,34.905563999927836,B,analytical40-1025x1031|B|local,cross-policy latency,natural-ee,76.69720799992774,analytical40-1025x1031,-41.791643999999906,-54.48913342456909,True,3,win,0,0,3,local,2.197277431187942
native-skv-summary,342.69162000003917,C,analytical40-1025x1031|C|http0,same native policy,native-tiff,1483.7546340000927,analytical40-1025x1031,-1141.0630140000535,-76.90375402055743,True,3,win,0,0,3,http0,4.329707957258841
native-skv-summary,342.69162000003917,C,analytical40-1025x1031|C|http0,same native policy,native-cog,2022.1590419999984,analytical40-1025x1031,-1679.4674219999592,-83.0531816300115,True,3,win,0,0,3,http0,5.900812637320303
native-skv-summary,342.69162000003917,C,analytical40-1025x1031|C|http0,same native policy,native-rsi64,1721.810276000042,analytical40-1025x1031,-1379.1186560000028,-80.09701621736454,True,3,win,0,0,3,http0,5.024372279660195
native-skv-summary,342.69162000003917,C,analytical40-1025x1031|C|http0,same native policy,native-rsi256,2119.835720000083,analytical40-1025x1031,-1777.1441000000436,-83.83404823464218,True,3,win,0,0,3,http0,6.185840552505604
native-skv-summary,342.69162000003917,C,analytical40-1025x1031|C|http0,cross-policy latency,natural-ee,1114.0092589999995,analytical40-1025x1031,-771.3176389999603,-69.2379917643001,True,3,win,0,0,3,http0,3.2507630592188748
native-skv-raw,533.9772959999891,C,analytical40-1025x1031|C|http0,same native policy,native-tiff,1483.7546340000927,analytical40-1025x1031,-949.7773380001036,-64.01175209404902,True,3,win,0,0,3,http0,2.7786848712761056
native-skv-raw,533.9772959999891,C,analytical40-1025x1031|C|http0,same native policy,native-cog,2022.1590419999984,analytical40-1025x1031,-1488.1817460000093,-73.59370430765605,True,3,win,0,0,3,http0,3.7869756956858325
native-skv-raw,533.9772959999891,C,analytical40-1025x1031|C|http0,same native policy,native-rsi64,1721.810276000042,analytical40-1025x1031,-1187.8329800000529,-68.98744864965738,True,3,win,0,0,3,http0,3.2245009083683533
native-skv-raw,533.9772959999891,C,analytical40-1025x1031|C|http0,same native policy,native-rsi256,2119.835720000083,analytical40-1025x1031,-1585.8584240000937,-74.8104397448323,True,3,win,0,0,3,http0,3.969898600333236
native-skv-raw,533.9772959999891,C,analytical40-1025x1031|C|http0,cross-policy latency,natural-ee,1114.0092589999995,analytical40-1025x1031,-580.0319630000104,-52.06706841204186,True,3,win,0,0,3,http0,2.086248361765595
native-skv-summary,306.50535799998124,C,analytical40-1025x1031|C|local,same native policy,native-tiff,931.8481780000525,analytical40-1025x1031,-625.3428200000712,-67.10780090187997,True,3,win,0,0,3,local,3.040234546242776
native-skv-summary,306.50535799998124,C,analytical40-1025x1031|C|local,same native policy,native-cog,964.3357859999924,analytical40-1025x1031,-657.8304280000111,-68.21590959811341,True,3,win,0,0,3,local,3.1462281517442556
native-skv-summary,306.50535799998124,C,analytical40-1025x1031|C|local,same native policy,native-rsi64,733.8941900000009,analytical40-1025x1031,-427.38883200001965,-58.23575630160243,True,3,win,0,0,3,local,2.3943926944338956
native-skv-summary,306.50535799998124,C,analytical40-1025x1031|C|local,same native policy,native-rsi256,883.0347090000146,analytical40-1025x1031,-576.5293510000333,-65.28954582690405,True,3,win,0,0,3,local,2.880976419994813
native-skv-summary,306.50535799998124,C,analytical40-1025x1031|C|local,cross-policy latency,natural-ee,837.3565970000527,analytical40-1025x1031,-530.8512390000715,-63.39607771670044,True,3,win,0,0,3,local,2.731947664680315
native-skv-raw,463.2744539999294,C,analytical40-1025x1031|C|local,same native policy,native-tiff,931.8481780000525,analytical40-1025x1031,-468.5737240001231,-50.284341919923435,True,3,win,0,0,3,local,2.0114387269888065
native-skv-raw,463.2744539999294,C,analytical40-1025x1031|C|local,same native policy,native-cog,964.3357859999924,analytical40-1025x1031,-501.061332000063,-51.95921786522468,True,3,win,0,0,3,local,2.081564778014156
native-skv-raw,463.2744539999294,C,analytical40-1025x1031|C|local,same native policy,native-rsi64,733.8941900000009,analytical40-1025x1031,-270.6197360000715,-36.87448949555946,True,3,win,0,0,3,local,1.5841456045407432
native-skv-raw,463.2744539999294,C,analytical40-1025x1031|C|local,same native policy,native-rsi256,883.0347090000146,analytical40-1025x1031,-419.7602550000852,-47.53609917275383,True,3,win,0,0,3,local,1.906072526503154
native-skv-raw,463.2744539999294,C,analytical40-1025x1031|C|local,cross-policy latency,natural-ee,837.3565970000527,analytical40-1025x1031,-374.0821430001233,-44.67417398278404,True,3,win,0,0,3,local,1.8074741436103021
native-skv-summary,691.4981290000242,D,analytical40-1025x1031|D|http0,same native policy,native-tiff,4091.0662009999896,analytical40-1025x1031,-3399.5680719999655,-83.09736154279294,True,3,win,0,0,3,http0,5.9162361103074605
native-skv-summary,691.4981290000242,D,analytical40-1025x1031|D|http0,same native policy,native-cog,1696.163515999956,analytical40-1025x1031,-1004.6653869999318,-59.231635247598255,True,3,win,0,0,3,http0,2.4528822926141234
native-skv-summary,691.4981290000242,D,analytical40-1025x1031|D|http0,same native policy,native-rsi64,2907.8872979999915,analytical40-1025x1031,-2216.3891689999673,-76.21991301122199,True,3,win,0,0,3,http0,4.205199083047541
native-skv-summary,691.4981290000242,D,analytical40-1025x1031|D|http0,same native policy,native-rsi256,3166.9771309999533,analytical40-1025x1031,-2475.479001999929,-78.1653576771586,True,3,win,0,0,3,http0,4.579878091036516
native-skv-summary,691.4981290000242,D,analytical40-1025x1031|D|http0,cross-policy latency,natural-ee,1595.7523830000468,analytical40-1025x1031,-904.2542540000227,-56.66632640710875,True,3,win,0,0,3,http0,2.3076741875031033
native-skv-raw,1106.2374719999752,D,analytical40-1025x1031|D|http0,same native policy,native-tiff,4091.0662009999896,analytical40-1025x1031,-2984.8287290000144,-72.95967804848587,True,3,win,0,0,3,http0,3.6981808197147035
native-skv-raw,1106.2374719999752,D,analytical40-1025x1031|D|http0,same native policy,native-cog,1696.163515999956,analytical40-1025x1031,-589.9260439999807,-34.780021998775034,True,3,win,0,0,3,http0,1.5332725196276789
native-skv-raw,1106.2374719999752,D,analytical40-1025x1031|D|http0,same native policy,native-rsi64,2907.8872979999915,analytical40-1025x1031,-1801.6498260000162,-61.95734708285181,True,3,win,0,0,3,http0,2.628628456006647
native-skv-raw,1106.2374719999752,D,analytical40-1025x1031|D|http0,same native policy,native-rsi256,3166.9771309999533,analytical40-1025x1031,-2060.739658999978,-65.06960971799984,True,3,win,0,0,3,http0,2.8628366071114466
native-skv-raw,1106.2374719999752,D,analytical40-1025x1031|D|http0,cross-policy latency,natural-ee,1595.7523830000468,analytical40-1025x1031,-489.5149110000716,-30.676119692190195,True,3,win,0,0,3,http0,1.4425043658257877
native-skv-summary,630.6099220000192,D,analytical40-1025x1031|D|local,same native policy,native-tiff,3093.228662999991,analytical40-1025x1031,-2462.6187409999716,-79.6132135479303,True,3,win,0,0,3,local,4.905137954679845
native-skv-summary,630.6099220000192,D,analytical40-1025x1031|D|local,same native policy,native-cog,1507.3559079999654,analytical40-1025x1031,-876.7459859999462,-58.16449727279447,True,3,win,0,0,3,local,2.390314290043663
native-skv-summary,630.6099220000192,D,analytical40-1025x1031|D|local,same native policy,native-rsi64,1275.9671129999788,analytical40-1025x1031,-645.3571909999596,-50.57788593646695,True,3,win,0,0,3,local,2.023385723068182
native-skv-summary,630.6099220000192,D,analytical40-1025x1031|D|local,same native policy,native-rsi256,1431.564906999995,analytical40-1025x1031,-800.9549849999757,-55.94961018417718,True,3,win,0,0,3,local,2.270127470338076
native-skv-summary,630.6099220000192,D,analytical40-1025x1031|D|local,cross-policy latency,natural-ee,1369.8959989999935,analytical40-1025x1031,-739.2860769999743,-53.96658414504778,True,3,win,0,0,3,local,2.172334990631422
native-skv-raw,979.2735379999158,D,analytical40-1025x1031|D|local,same native policy,native-tiff,3093.228662999991,analytical40-1025x1031,-2113.955125000075,-68.34137903499963,True,3,win,0,0,3,local,3.1586972821890513
native-skv-raw,979.2735379999158,D,analytical40-1025x1031|D|local,same native policy,native-cog,1507.3559079999654,analytical40-1025x1031,-528.0823700000497,-35.03368827477086,True,3,win,0,0,3,local,1.5392593075460956
native-skv-raw,979.2735379999158,D,analytical40-1025x1031|D|local,same native policy,native-rsi64,1275.9671129999788,analytical40-1025x1031,-296.693575000063,-23.2524468677327,True,3,win,0,0,3,local,1.3029731361944434
native-skv-raw,979.2735379999158,D,analytical40-1025x1031|D|local,same native policy,native-rsi256,1431.564906999995,analytical40-1025x1031,-452.29136900007916,-31.59419225691321,True,3,win,0,0,3,local,1.4618641793628433
native-skv-raw,979.2735379999158,D,analytical40-1025x1031|D|local,cross-policy latency,natural-ee,1369.8959989999935,analytical40-1025x1031,-390.6224610000777,-28.514753038568408,True,3,win,0,0,3,local,1.3988900402617754
native-skv-summary,22.17247800001587,A,real-age36|A|http0,same native policy,native-tiff,30.832943000007162,real-age36,-8.66046499999129,-28.088350177890188,True,3,win,0,0,3,http0,1.3905952686021423
native-skv-summary,22.17247800001587,A,real-age36|A|http0,same native policy,native-cog,38.09512400005133,real-age36,-15.922646000035456,-41.797070932264205,True,3,win,0,0,3,http0,1.718126589189718
native-skv-summary,22.17247800001587,A,real-age36|A|http0,same native policy,native-rsi64,40.15596700003243,real-age36,-17.98348900001656,-44.784101451229,True,3,win,0,0,3,http0,1.811072582866186
native-skv-summary,22.17247800001587,A,real-age36|A|http0,same native policy,native-rsi256,45.64241099996025,real-age36,-23.469932999944376,-51.42132609945784,True,3,win,0,0,3,http0,2.058516463515155
native-skv-summary,22.17247800001587,A,real-age36|A|http0,cross-policy latency,natural-ee,27.45585999997502,real-age36,-5.283381999959147,-19.24318524338321,True,3,win,1,0,2,http0,1.2382855899081449
native-skv-raw,26.73263200006204,A,real-age36|A|http0,same native policy,native-tiff,30.832943000007162,real-age36,-4.100310999945123,-13.29847429726112,True,3,win,0,0,3,http0,1.1533822408483985
native-skv-raw,26.73263200006204,A,real-age36|A|http0,same native policy,native-cog,38.09512400005133,real-age36,-11.362491999989288,-29.826630830691037,True,3,win,0,0,3,http0,1.4250420235449663
native-skv-raw,26.73263200006204,A,real-age36|A|http0,same native policy,native-rsi64,40.15596700003243,real-age36,-13.423334999970393,-33.42799589400885,True,3,win,0,0,3,http0,1.5021329362533118
native-skv-raw,26.73263200006204,A,real-age36|A|http0,same native policy,native-rsi256,45.64241099996025,real-age36,-18.909778999898208,-41.43028070956786,True,3,win,0,0,3,http0,1.7073668989964894
native-skv-raw,26.73263200006204,A,real-age36|A|http0,cross-policy latency,natural-ee,27.45585999997502,real-age36,-0.7232279999129787,-2.634148046769025,True,3,win,2,0,1,http0,1.0270541262046813
native-skv-summary,8.153012999969178,A,real-age36|A|local,same native policy,native-tiff,17.453488000001016,real-age36,-9.300475000031838,-53.28719967052601,True,3,win,0,0,3,local,2.140740852500419
native-skv-summary,8.153012999969178,A,real-age36|A|local,same native policy,native-cog,16.701588000046286,real-age36,-8.548575000077108,-51.18420475977145,True,3,win,0,0,3,local,2.0485172782270094
native-skv-summary,8.153012999969178,A,real-age36|A|local,same native policy,native-rsi64,17.87117099996749,real-age36,-9.718157999998311,-54.37896598950338,True,3,win,0,0,3,local,2.1919713607760776
native-skv-summary,8.153012999969178,A,real-age36|A|local,same native policy,native-rsi256,22.043091999989883,real-age36,-13.890079000020705,-63.013296864283284,True,3,win,0,0,3,local,2.703674334883707
native-skv-summary,8.153012999969178,A,real-age36|A|local,cross-policy latency,natural-ee,22.987571999919965,real-age36,-14.834558999950787,-64.53295284948943,True,3,win,0,0,3,local,2.8195186245878507
native-skv-raw,7.0663570000419895,A,real-age36|A|local,same native policy,native-tiff,17.453488000001016,real-age36,-10.387130999959027,-59.513210195912826,True,3,win,0,0,3,local,2.4699414422307426
native-skv-raw,7.0663570000419895,A,real-age36|A|local,same native policy,native-cog,16.701588000046286,real-age36,-9.635231000004296,-57.690508231777685,True,3,win,0,0,3,local,2.3635358360675864
native-skv-raw,7.0663570000419895,A,real-age36|A|local,same native policy,native-rsi64,17.87117099996749,real-age36,-10.8048139999255,-60.459462896668356,True,3,win,0,0,3,local,2.5290501173180604
native-skv-raw,7.0663570000419895,A,real-age36|A|local,same native policy,native-rsi256,22.043091999989883,real-age36,-14.976734999947894,-67.9429864011581,True,3,win,0,0,3,local,3.1194421679882436
native-skv-raw,7.0663570000419895,A,real-age36|A|local,cross-policy latency,natural-ee,22.987571999919965,real-age36,-15.921214999877975,-69.26009845638943,True,3,win,0,0,3,local,3.253100855190782
native-skv-summary,28.72750599999563,B,real-age36|B|http0,same native policy,native-tiff,36.911223000004156,real-age36,-8.183717000008528,-22.171351515520378,True,3,win,0,0,3,http0,1.2848739114356036
native-skv-summary,28.72750599999563,B,real-age36|B|http0,same native policy,native-cog,45.483848999992915,real-age36,-16.756342999997287,-36.840204530623375,True,3,win,0,0,3,http0,1.5832856844586451
native-skv-summary,28.72750599999563,B,real-age36|B|http0,same native policy,native-rsi64,72.42363499995008,real-age36,-43.69612899995445,-60.33407326211198,True,3,win,0,0,3,http0,2.5210554302890444
native-skv-summary,28.72750599999563,B,real-age36|B|http0,same native policy,native-rsi256,42.4905709999166,real-age36,-13.76306499992097,-32.39086855280902,True,3,win,0,0,3,http0,1.4790901444741866
native-skv-summary,28.72750599999563,B,real-age36|B|http0,cross-policy latency,natural-ee,35.250796999889644,real-age36,-6.523290999894016,-18.50537166553834,True,3,win,0,0,3,http0,1.2270747415349947
native-skv-raw,29.775678000021344,B,real-age36|B|http0,same native policy,native-tiff,36.911223000004156,real-age36,-7.135544999982812,-19.33164067736799,True,3,win,0,0,3,http0,1.2396434096304272
native-skv-raw,29.775678000021344,B,real-age36|B|http0,same native policy,native-cog,45.483848999992915,real-age36,-15.708170999971571,-34.53571178633985,True,3,win,0,0,3,http0,1.527550405400015
native-skv-raw,29.775678000021344,B,real-age36|B|http0,same native policy,native-rsi64,72.42363499995008,real-age36,-42.64795699992874,-58.886794345462135,True,3,win,0,0,3,http0,2.4323085103183266
native-skv-raw,29.775678000021344,B,real-age36|B|http0,same native policy,native-rsi256,42.4905709999166,real-age36,-12.714892999895255,-29.924034204953877,True,3,win,0,0,3,http0,1.427022786849258
native-skv-raw,29.775678000021344,B,real-age36|B|http0,cross-policy latency,natural-ee,35.250796999889644,real-age36,-5.4751189998683,-15.531901306757522,True,3,win,0,0,3,http0,1.183878902769716
native-skv-summary,11.382338000032632,B,real-age36|B|local,same native policy,native-tiff,21.807292999994843,real-age36,-10.42495499996221,-47.80490178200786,True,3,win,0,0,3,local,1.9158887216257612
native-skv-summary,11.382338000032632,B,real-age36|B|local,same native policy,native-cog,20.372987000030207,real-age36,-8.990648999997575,-44.13024462237297,True,3,win,0,0,3,local,1.7898771763737642
native-skv-summary,11.382338000032632,B,real-age36|B|local,same native policy,native-rsi64,26.46418899996661,real-age36,-15.081850999933977,-56.98965874205707,True,3,win,0,0,3,local,2.3250222405880705
native-skv-summary,11.382338000032632,B,real-age36|B|local,same native policy,native-rsi256,20.037725000008777,real-age36,-8.655386999976145,-43.195457568024075,True,3,win,0,0,3,local,1.7604225950724122
native-skv-summary,11.382338000032632,B,real-age36|B|local,cross-policy latency,natural-ee,31.609815000024355,real-age36,-20.227476999991723,-63.99112743929738,True,3,win,0,0,3,local,2.777093335300158
native-skv-raw,10.770524000008663,B,real-age36|B|local,same native policy,native-tiff,21.807292999994843,real-age36,-11.03676899998618,-50.61044944913058,True,3,win,0,0,3,local,2.024719781505273
native-skv-raw,10.770524000008663,B,real-age36|B|local,same native policy,native-cog,20.372987000030207,real-age36,-9.602463000021544,-47.13330941607779,True,3,win,0,0,3,local,1.8915502161281865
native-skv-raw,10.770524000008663,B,real-age36|B|local,same native policy,native-rsi64,26.46418899996661,real-age36,-15.693664999957946,-59.30151496415683,True,3,win,0,0,3,local,2.4570939166882986
native-skv-raw,10.770524000008663,B,real-age36|B|local,same native policy,native-rsi256,20.037725000008777,real-age36,-9.267201000000114,-46.24876826084825,True,3,win,0,0,3,local,1.8604224826937539
native-skv-raw,10.770524000008663,B,real-age36|B|local,cross-policy latency,natural-ee,31.609815000024355,real-age36,-20.83929100001569,-65.92664651786046,True,3,win,0,0,3,local,2.934844674223736
native-skv-summary,205.11315200008085,C,real-age36|C|http0,same native policy,native-tiff,441.033066999978,real-age36,-235.91991499989717,-53.492568392815976,True,3,win,0,0,3,http0,2.150193991459915
native-skv-summary,205.11315200008085,C,real-age36|C|http0,same native policy,native-cog,399.78255300002274,real-age36,-194.6694009999419,-48.69382106325456,True,3,win,0,0,3,http0,1.9490829773795548
native-skv-summary,205.11315200008085,C,real-age36|C|http0,same native policy,native-rsi64,714.8444279999921,real-age36,-509.7312759999113,-71.30660267242328,True,3,win,0,0,3,http0,3.4851223387162924
native-skv-summary,205.11315200008085,C,real-age36|C|http0,same native policy,native-rsi256,436.8948339999861,real-age36,-231.78168199990523,-53.05205371229283,True,3,win,0,0,3,http0,2.130018625035872
native-skv-summary,205.11315200008085,C,real-age36|C|http0,cross-policy latency,natural-ee,278.2678179999607,real-age36,-73.15466599987985,-26.289301625202732,True,3,win,0,0,3,http0,1.3566551695322346
native-skv-raw,244.5414899999605,C,real-age36|C|http0,same native policy,native-tiff,441.033066999978,real-age36,-196.49157700001751,-44.552572517204766,True,3,win,0,0,3,http0,1.8035101814422136
native-skv-raw,244.5414899999605,C,real-age36|C|http0,same native policy,native-cog,399.78255300002274,real-age36,-155.24106300006224,-38.831375165102166,True,3,win,0,0,3,http0,1.63482504748003
native-skv-raw,244.5414899999605,C,real-age36|C|http0,same native policy,native-rsi64,714.8444279999921,real-age36,-470.30293800003165,-65.790949691789,True,3,win,0,0,3,http0,2.923203044195517
native-skv-raw,244.5414899999605,C,real-age36|C|http0,same native policy,native-rsi256,436.8948339999861,real-age36,-192.35334400002557,-44.027378909230066,True,3,win,0,0,3,http0,1.786587764718603
native-skv-raw,244.5414899999605,C,real-age36|C|http0,cross-policy latency,natural-ee,278.2678179999607,real-age36,-33.726328000000194,-12.120096474830211,True,3,win,0,0,3,http0,1.1379165883057538
native-skv-summary,167.0537419999505,C,real-age36|C|local,same native policy,native-tiff,252.8722069999958,real-age36,-85.81846500004531,-33.9374840826405,True,3,win,0,0,3,local,1.5137177052883422
native-skv-summary,167.0537419999505,C,real-age36|C|local,same native policy,native-cog,254.40710100008346,real-age36,-87.35335900013297,-34.33605377237655,True,3,win,0,0,3,local,1.5229057305412461
native-skv-summary,167.0537419999505,C,real-age36|C|local,same native policy,native-rsi64,303.73131099997863,real-age36,-136.67756900002814,-44.99949924492235,True,3,win,0,0,3,local,1.8181652644456696
native-skv-summary,167.0537419999505,C,real-age36|C|local,same native policy,native-rsi256,317.8207440000733,real-age36,-150.76700200012283,-47.437747487019934,True,3,win,0,0,3,local,1.9025059851707333
native-skv-summary,167.0537419999505,C,real-age36|C|local,cross-policy latency,natural-ee,212.30627199997798,real-age36,-45.25253000002749,-21.31474005630516,True,3,win,0,0,3,local,1.2708860601281287
native-skv-raw,193.81346200009375,C,real-age36|C|local,same native policy,native-tiff,252.8722069999958,real-age36,-59.058744999902046,-23.355174418160964,True,3,win,0,0,3,local,1.3047195194308716
native-skv-raw,193.81346200009375,C,real-age36|C|local,same native policy,native-cog,254.40710100008346,real-age36,-60.59363899998971,-23.81758950980296,True,3,win,0,0,3,local,1.3126389590004868
native-skv-raw,193.81346200009375,C,real-age36|C|local,same native policy,native-rsi64,303.73131099997863,real-age36,-109.91784899988488,-36.18917280474011,True,3,win,0,0,3,local,1.567132168558197
native-skv-raw,193.81346200009375,C,real-age36|C|local,same native policy,native-rsi256,317.8207440000733,real-age36,-124.00728199997957,-39.01799499907752,True,3,win,0,0,3,local,1.6398280115336858
native-skv-raw,193.81346200009375,C,real-age36|C|local,cross-policy latency,natural-ee,212.30627199997798,real-age36,-18.49280999988423,-8.710439793265333,True,3,win,1,0,2,local,1.0954155083400516
native-skv-summary,313.17073299999265,D,real-age36|D|http0,same native policy,native-tiff,1299.5651429999953,real-age36,-986.3944100000026,-75.90188266537756,True,3,win,0,0,3,http0,4.149701763478728
native-skv-summary,313.17073299999265,D,real-age36|D|http0,same native policy,native-cog,436.5275789999714,real-age36,-123.35684599997876,-28.25866037664182,True,3,win,0,0,3,http0,1.393896469246319
native-skv-summary,313.17073299999265,D,real-age36|D|http0,same native policy,native-rsi64,1122.5839170000427,real-age36,-809.41318400005,-72.10268842645634,True,3,win,0,0,3,http0,3.5845747980545455
native-skv-summary,313.17073299999265,D,real-age36|D|http0,same native policy,native-rsi256,525.1430810000102,real-age36,-211.97234800001752,-40.364684534425656,True,3,win,0,0,3,http0,1.6768587408198916
native-skv-summary,313.17073299999265,D,real-age36|D|http0,cross-policy latency,natural-ee,387.5025570000048,real-age36,-74.33182400001215,-19.182279615257148,True,3,win,0,0,3,http0,1.2373523965281068
native-skv-raw,342.07939299994905,D,real-age36|D|http0,same native policy,native-tiff,1299.5651429999953,real-age36,-957.4857500000462,-73.67739548551818,True,3,win,0,0,3,http0,3.7990161628946435
native-skv-raw,342.07939299994905,D,real-age36|D|http0,same native policy,native-cog,436.5275789999714,real-age36,-94.44818600002236,-21.63624717970649,True,3,win,0,0,3,http0,1.2761001917471142
native-skv-raw,342.07939299994905,D,real-age36|D|http0,same native policy,native-rsi64,1122.5839170000427,real-age36,-780.5045240000936,-69.52749920788897,True,3,win,0,0,3,http0,3.281647301684173
native-skv-raw,342.07939299994905,D,real-age36|D|http0,same native policy,native-rsi256,525.1430810000102,real-age36,-183.06368800006112,-34.85977338813259,True,3,win,0,0,3,http0,1.5351497101144833
native-skv-raw,342.07939299994905,D,real-age36|D|http0,cross-policy latency,natural-ee,387.5025570000048,real-age36,-45.42316400005575,-11.722029488454499,True,3,win,0,0,3,http0,1.1327854437582638
native-skv-summary,263.64079399996854,D,real-age36|D|local,same native policy,native-tiff,761.4278649999733,real-age36,-497.78707100000474,-65.37547335492144,True,3,win,0,0,3,local,2.888126125883478
native-skv-summary,263.64079399996854,D,real-age36|D|local,same native policy,native-cog,387.5324169999885,real-age36,-123.89162300001999,-31.969357288637777,True,3,win,0,0,3,local,1.4699258453911148
native-skv-summary,263.64079399996854,D,real-age36|D|local,same native policy,native-rsi64,579.9502840000059,real-age36,-316.3094900000374,-54.540794051931904,True,3,win,0,0,3,local,2.199774455238802
native-skv-summary,263.64079399996854,D,real-age36|D|local,same native policy,native-rsi256,411.02016700000377,real-age36,-147.37937300003523,-35.85696878957131,True,3,win,0,0,3,local,1.5590158137668666
native-skv-summary,263.64079399996854,D,real-age36|D|local,cross-policy latency,natural-ee,345.20753300000706,real-age36,-81.56673900003852,-23.628319547718814,True,3,win,0,0,3,local,1.3093858797893327
native-skv-raw,282.817264000073,D,real-age36|D|local,same native policy,native-tiff,761.4278649999733,real-age36,-478.61060099990027,-62.856985277248434,True,3,win,0,0,3,local,2.692296270144869
native-skv-raw,282.817264000073,D,real-age36|D|local,same native policy,native-cog,387.5324169999885,real-age36,-104.71515299991552,-27.02100480020453,True,3,win,0,0,3,local,1.3702572874048045
native-skv-raw,282.817264000073,D,real-age36|D|local,same native policy,native-rsi64,579.9502840000059,real-age36,-297.1330199999329,-51.23422269070392,True,3,win,0,0,3,local,2.0506183950632386
native-skv-raw,282.817264000073,D,real-age36|D|local,same native policy,native-rsi256,411.02016700000377,real-age36,-128.20290299993076,-31.191389934871395,True,3,win,0,0,3,local,1.4533064961688396
native-skv-raw,282.817264000073,D,real-age36|D|local,cross-policy latency,natural-ee,345.20753300000706,real-age36,-62.39026899993405,-18.073264061689166,True,3,win,0,0,3,local,1.220602759950036
native-skv-summary,35.00026800008982,A,worldpop1|A|http0,same native policy,native-tiff,774.4480009999961,worldpop1,-739.4477329999063,-95.48061742623183,True,3,win,0,0,3,http0,22.126916313841047
native-skv-summary,35.00026800008982,A,worldpop1|A|http0,same native policy,native-cog,101.26717399998597,worldpop1,-66.26690599989615,-65.43769652336238,True,3,win,0,0,3,http0,2.893325673955585
native-skv-summary,35.00026800008982,A,worldpop1|A|http0,same native policy,native-rsi64,59.68978600003538,worldpop1,-24.689517999945565,-41.3630533035098,True,3,win,0,0,3,http0,1.7054093985760967
native-skv-summary,35.00026800008982,A,worldpop1|A|http0,same native policy,native-rsi256,70.06788599994707,worldpop1,-35.06761799985725,-50.04806053358559,True,3,win,0,0,3,http0,2.0019242709732183
native-skv-summary,35.00026800008982,A,worldpop1|A|http0,cross-policy latency,natural-ee,52.91023699999187,worldpop1,-17.90996899990205,-33.849723636476625,True,3,win,0,0,3,http0,1.511709481763285
native-skv-raw,75.26517100001229,A,worldpop1|A|http0,same native policy,native-tiff,774.4480009999961,worldpop1,-699.1828299999838,-90.28144292414376,True,3,win,0,0,3,http0,10.289593323316433
native-skv-raw,75.26517100001229,A,worldpop1|A|http0,same native policy,native-cog,101.26717399998597,worldpop1,-26.002002999973683,-25.676635352712896,True,3,win,0,0,3,http0,1.3454719182126011
native-skv-raw,75.26517100001229,A,worldpop1|A|http0,same native policy,native-rsi64,59.68978600003538,worldpop1,15.575384999976905,26.093886481629646,True,3,loss,3,0,0,http0,0.7930598603174055
native-skv-raw,75.26517100001229,A,worldpop1|A|http0,same native policy,native-rsi256,70.06788599994707,worldpop1,5.1972850000652215,7.4174993663561395,True,3,loss,3,0,0,http0,0.9309470113332451
native-skv-raw,75.26517100001229,A,worldpop1|A|http0,cross-policy latency,natural-ee,52.91023699999187,worldpop1,22.35493400002042,42.25067825726023,True,3,loss,3,0,0,http0,0.7029843458401659
native-skv-summary,11.515873999996984,A,worldpop1|A|local,same native policy,native-tiff,728.6214009999981,worldpop1,-717.1055270000011,-98.41949824913296,True,3,win,0,0,3,local,63.27104664397934
native-skv-summary,11.515873999996984,A,worldpop1|A|local,same native policy,native-cog,56.78985200000852,worldpop1,-45.27397800001154,-79.721951027456,True,3,win,0,0,3,local,4.9314408962813765
native-skv-summary,11.515873999996984,A,worldpop1|A|local,same native policy,native-rsi64,25.04543999998532,worldpop1,-13.529565999988336,-54.02007710783386,True,3,win,0,0,3,local,2.1748622814032075
native-skv-summary,11.515873999996984,A,worldpop1|A|local,same native policy,native-rsi256,40.53239899997152,worldpop1,-29.016524999974536,-71.58847173096002,True,3,win,0,0,3,local,3.5196980272606435
native-skv-summary,11.515873999996984,A,worldpop1|A|local,cross-policy latency,natural-ee,40.03326399998741,worldpop1,-28.517389999990428,-71.23423660883458,True,3,win,0,0,3,local,3.4763548124960293
native-skv-raw,29.003049000039027,A,worldpop1|A|local,same native policy,native-tiff,728.6214009999981,worldpop1,-699.618351999959,-96.01946237645042,True,3,win,0,0,3,local,25.122234596749383
native-skv-raw,29.003049000039027,A,worldpop1|A|local,same native policy,native-cog,56.78985200000852,worldpop1,-27.786802999969495,-48.92916959876092,True,3,win,0,0,3,local,1.958064891726801
native-skv-raw,29.003049000039027,A,worldpop1|A|local,same native policy,native-rsi64,25.04543999998532,worldpop1,3.957609000053708,15.801714803397449,True,3,loss,3,0,0,local,0.863545070725206
native-skv-raw,29.003049000039027,A,worldpop1|A|local,same native policy,native-rsi256,40.53239899997152,worldpop1,-11.529349999932492,-28.44477574579436,True,3,win,0,0,3,local,1.3975219984601266
native-skv-raw,29.003049000039027,A,worldpop1|A|local,cross-policy latency,natural-ee,40.03326399998741,worldpop1,-11.030214999948385,-27.552624737148225,True,3,win,0,0,3,local,1.3803122561332617
native-skv-summary,66.66281799994067,B,worldpop1|B|http0,same native policy,native-tiff,1257.9838749999794,worldpop1,-1191.3210570000388,-94.70082094653704,True,3,win,0,0,3,http0,18.870847539044913
native-skv-summary,66.66281799994067,B,worldpop1|B|http0,same native policy,native-cog,125.0574929999857,worldpop1,-58.39467500004503,-46.694263253823344,True,3,win,0,0,3,http0,1.875970694789665
native-skv-summary,66.66281799994067,B,worldpop1|B|http0,same native policy,native-rsi64,221.74043699999402,worldpop1,-155.07761900005335,-69.93655334054272,True,3,win,0,0,3,http0,3.326298582220022
native-skv-summary,66.66281799994067,B,worldpop1|B|http0,same native policy,native-rsi256,115.27244599994901,worldpop1,-48.60962800000834,-42.169338542560155,True,3,win,0,0,3,http0,1.7291865159383393
native-skv-summary,66.66281799994067,B,worldpop1|B|http0,cross-policy latency,natural-ee,201.81052700002056,worldpop1,-135.14770900007989,-66.96762106967103,True,3,win,0,0,3,http0,3.02733267291821
native-skv-raw,104.6516830000428,B,worldpop1|B|http0,same native policy,native-tiff,1257.9838749999794,worldpop1,-1153.3321919999366,-91.68099964715013,True,3,win,0,0,3,http0,12.02067505211039
native-skv-raw,104.6516830000428,B,worldpop1|B|http0,same native policy,native-cog,125.0574929999857,worldpop1,-20.405809999942903,-16.317143027923354,True,3,win,0,0,3,http0,1.1949878818473905
native-skv-raw,104.6516830000428,B,worldpop1|B|http0,same native policy,native-rsi64,221.74043699999402,worldpop1,-117.08875399995122,-52.80442105377215,True,3,win,0,0,3,http0,2.1188425321349427
native-skv-raw,104.6516830000428,B,worldpop1|B|http0,same native policy,native-rsi256,115.27244599994901,worldpop1,-10.62076299990622,-9.213618144192859,True,3,win,0,0,3,http0,1.1014867864084124
native-skv-raw,104.6516830000428,B,worldpop1|B|http0,cross-policy latency,natural-ee,201.81052700002056,worldpop1,-97.15884399997776,-48.1435956014167,True,3,win,0,0,3,http0,1.9284021165711978
native-skv-summary,23.82451799996943,B,worldpop1|B|local,same native policy,native-tiff,1168.0444159999297,worldpop1,-1144.2198979999603,-97.96030718749904,True,3,win,0,0,3,local,49.02699043067434
native-skv-summary,23.82451799996943,B,worldpop1|B|local,same native policy,native-cog,56.05422299998963,worldpop1,-32.2297050000202,-57.497371785933346,True,3,win,0,0,3,local,2.3527956788070825
native-skv-summary,23.82451799996943,B,worldpop1|B|local,same native policy,native-rsi64,50.96504699997695,worldpop1,-27.14052900000752,-53.25322078093991,True,3,win,0,0,3,local,2.1391848095328663
native-skv-summary,23.82451799996943,B,worldpop1|B|local,same native policy,native-rsi256,58.215811000081885,worldpop1,-34.391293000112455,-59.0755198790653,True,3,win,0,0,3,local,2.443525237327218
native-skv-summary,23.82451799996943,B,worldpop1|B|local,cross-policy latency,natural-ee,192.49294500002634,worldpop1,-168.6684270000569,-87.62317341034698,True,3,win,0,0,3,local,8.07961550367035
native-skv-raw,38.0079219999061,B,worldpop1|B|local,same native policy,native-tiff,1168.0444159999297,worldpop1,-1130.0364940000236,-96.74602082940753,True,3,win,0,0,3,local,30.731604216689757
native-skv-raw,38.0079219999061,B,worldpop1|B|local,same native policy,native-cog,56.05422299998963,worldpop1,-18.04630100008353,-32.194364731604374,True,3,win,0,0,3,local,1.4748036738269488
native-skv-raw,38.0079219999061,B,worldpop1|B|local,same native policy,native-rsi64,50.96504699997695,worldpop1,-12.957125000070846,-25.423551556965517,True,3,win,0,0,3,local,1.3409059037771878
native-skv-raw,38.0079219999061,B,worldpop1|B|local,same native policy,native-rsi256,58.215811000081885,worldpop1,-20.207889000175783,-34.71202866201995,True,3,win,0,0,3,local,1.531675712242982
native-skv-raw,38.0079219999061,B,worldpop1|B|local,cross-policy latency,natural-ee,192.49294500002634,worldpop1,-154.48502300012024,-80.2549012900702,True,3,win,0,0,3,local,5.064547990824173
