experiment,family,pattern,system,method,round,query,elapsed_ms,setup_ms,query_ms,sink_bytes
batch,files,,skarve,source_layout-numeric,0,,105.58763500011992,35.481660001096316,69.94012100039981,105250
batch,dates,,exactextract,raster-sequential,0,,107.34894800043548,,,217124
batch,dates,,skarve,source_layout-numeric,0,,84.71831000133534,2.5226580000889953,82.04091800143942,245047
batch,dates,,skarve,fixed-numeric,0,,93.13126899724011,2.4648789985803887,90.4480520002835,245047
batch,files,,skarve,fixed-full,0,,72.0196530019166,5.369479000364663,66.51356600195868,105250
batch,dates,,skarve,fixed-full,0,,102.67817600106355,2.4713279999559745,100.06449399952544,245047
batch,files,,exactextract,raster-sequential,0,,48.12611299712444,,,91274
batch,dates,,skarve,source_layout-full,0,,97.61157799948705,2.0817219992750324,95.32000999752199,245047
batch,files,,skarve,source_layout-full,0,,78.29309000226203,4.540064001048449,73.56273299956229,105250
batch,files,,exactextract,feature-sequential,0,,75.81365299847675,,,91274
batch,files,,skarve,fixed-numeric,0,,66.53768199976184,4.588618001434952,61.75325100048212,105250
batch,dates,,exactextract,feature-sequential,0,,149.43659900018247,,,217124
batch,files,,skarve,source_layout-full,1,,76.23742100258823,4.581222001434071,71.4776319982775,105250
batch,files,,skarve,fixed-numeric,1,,70.25509999948554,4.476936999708414,65.6293989995902,105250
batch,dates,,skarve,fixed-numeric,1,,92.9108210002596,2.04505799774779,90.67893899919,245047
batch,files,,exactextract,raster-sequential,1,,39.7324839977955,,,91274
batch,files,,exactextract,feature-sequential,1,,84.0712999997777,,,91274
batch,dates,,skarve,source_layout-full,1,,91.85640000214335,2.3205700017570052,89.33374200205435,245047
batch,dates,,exactextract,feature-sequential,1,,147.3102089985332,,,217124
batch,dates,,exactextract,raster-sequential,1,,83.11209499879624,,,217124
batch,files,,skarve,source_layout-numeric,1,,73.17621699985466,4.930635001073824,68.09068200163892,105250
batch,files,,skarve,fixed-full,1,,73.23848499800079,4.534599996986799,68.55136000012862,105250
batch,dates,,skarve,fixed-full,1,,105.30054500122787,2.4069620012596715,102.73526200035121,245047
batch,dates,,skarve,source_layout-numeric,1,,81.0500139996293,2.1453160006785765,78.71925099971122,245047
batch,files,,skarve,fixed-numeric,2,,69.64783200237434,4.707070998847485,64.77135000022827,105250
batch,dates,,exactextract,feature-sequential,2,,153.8229069992667,,,217124
batch,files,,skarve,source_layout-numeric,2,,81.70211499964353,11.139112000819296,70.4043020014069,105250
batch,files,,exactextract,raster-sequential,2,,37.87527399981627,,,91274
batch,dates,,skarve,source_layout-numeric,2,,82.34272499976214,2.0959109970135614,80.1139190007234,245047
batch,dates,,skarve,fixed-full,2,,104.56097799760755,2.577995997853577,101.83643599884817,245047
batch,dates,,skarve,fixed-numeric,2,,96.24327399797039,2.1039819985162467,93.97936900131754,245047
batch,files,,skarve,fixed-full,2,,75.55994100039243,5.659149999701185,69.67702000110876,105250
batch,dates,,skarve,source_layout-full,2,,95.92159000021638,2.2451139993791003,93.48989600039204,245047
batch,files,,exactextract,feature-sequential,2,,73.86148300065543,,,91274
batch,dates,,exactextract,raster-sequential,2,,61.654262997763,,,217124
batch,files,,skarve,source_layout-full,2,,79.24512299723574,4.8766379986773245,74.16448300136835,105250
single,,hot,skarve,default,,hot000,1.6471580020152032,,,126
single,,hot,skarve,default,,hot001,1.4910069985489827,,,123
single,,hot,skarve,default,,hot002,1.474032997066388,,,127
single,,hot,skarve,default,,hot003,1.4856899979349691,,,125
single,,hot,skarve,default,,hot004,1.6020309994928539,,,126
single,,hot,skarve,default,,hot005,1.6636520012980327,,,126
single,,hot,skarve,default,,hot006,1.517331002105493,,,123
single,,hot,skarve,default,,hot007,1.550624001538381,,,121
single,,hot,skarve,default,,hot008,1.5407350001623854,,,124
single,,hot,skarve,default,,hot009,1.5208589975372888,,,127
single,,hot,skarve,default,,hot010,1.637297998968279,,,125
single,,hot,skarve,default,,hot011,1.574184003402479,,,123
single,,hot,skarve,default,,hot012,1.5583130007144064,,,127
single,,hot,skarve,default,,hot013,1.482182000472676,,,124
single,,hot,skarve,default,,hot014,1.533209997433005,,,123
single,,hot,skarve,default,,hot015,1.5050389993120916,,,125
single,,hot,skarve,default,,hot016,1.506513999629533,,,125
single,,hot,skarve,default,,hot017,1.672680999035947,,,124
single,,hot,skarve,default,,hot018,1.558440999360755,,,125
single,,hot,skarve,default,,hot019,1.5328879999287892,,,120
single,,hot,skarve,default,,hot020,1.555089998873882,,,127
single,,hot,skarve,default,,hot021,1.4957269995647948,,,125
single,,hot,skarve,default,,hot022,1.511996000772342,,,125
single,,hot,skarve,default,,hot023,1.6483389990753494,,,125
single,,hot,skarve,default,,hot024,1.5542289984296076,,,125
single,,hot,skarve,default,,hot025,1.5785899995535146,,,130
single,,hot,skarve,default,,hot026,1.4573730004485697,,,121
single,,hot,skarve,default,,hot027,1.5429730010509957,,,126
single,,hot,skarve,default,,hot028,1.545669001643546,,,123
single,,hot,skarve,default,,hot029,1.6010450017347466,,,124
single,,hot,skarve,default,,hot030,1.6107190022012219,,,125
single,,hot,skarve,default,,hot031,1.572698001837125,,,121
single,,hot,skarve,default,,hot032,1.557678999233758,,,124
single,,hot,skarve,default,,hot033,1.5944589977152646,,,121
single,,hot,skarve,default,,hot034,1.480658000218682,,,125
single,,hot,skarve,default,,hot035,1.699788001133129,,,118
single,,hot,skarve,default,,hot036,1.6653919992677402,,,126
single,,hot,skarve,default,,hot037,1.5690330001234543,,,126
single,,hot,skarve,default,,hot038,1.5576690020679962,,,124
single,,hot,skarve,default,,hot039,1.491025999712292,,,120
single,,hot,skarve,default,,hot040,1.4862880016153213,,,123
single,,hot,skarve,default,,hot041,1.769988000887679,,,123
single,,hot,skarve,default,,hot042,1.5764990021125413,,,120
single,,hot,skarve,default,,hot043,1.5679190000810195,,,126
single,,hot,skarve,default,,hot044,1.5330730020650662,,,124
single,,hot,skarve,default,,hot045,1.4971730015531648,,,127
single,,hot,skarve,default,,hot046,1.448851002351148,,,126
single,,hot,skarve,default,,hot047,1.5729810002085287,,,125
single,,hot,skarve,default,,hot048,1.659215002291603,,,122
single,,hot,skarve,default,,hot049,1.5267119997588452,,,127
single,,hot,skarve,default,,hot050,1.4675749989692122,,,121
single,,hot,skarve,default,,hot051,1.5190710000752006,,,117
single,,hot,skarve,default,,hot052,1.501442999142455,,,125
single,,hot,skarve,default,,hot053,1.5315790005843155,,,124
single,,hot,skarve,default,,hot054,1.6132499986269977,,,126
single,,hot,skarve,default,,hot055,1.58826400001999,,,124
single,,hot,skarve,default,,hot056,1.5243180023389868,,,130
single,,hot,skarve,default,,hot057,1.6464629989059176,,,126
single,,hot,skarve,default,,hot058,1.5966959981597029,,,126
single,,hot,skarve,default,,hot059,1.5169799989962485,,,120
single,,hot,skarve,default,,hot060,1.590931999089662,,,129
single,,hot,skarve,default,,hot061,1.9313759985379875,,,124
single,,hot,skarve,default,,hot062,1.631308001378784,,,124
single,,hot,skarve,default,,hot063,1.5841210006328765,,,121
single,,hot,skarve,default,,hot064,1.5242200024658814,,,126
single,,hot,skarve,default,,hot065,1.526301999547286,,,124
single,,hot,skarve,default,,hot066,1.6738840022298973,,,124
single,,hot,skarve,default,,hot067,1.7719909992592875,,,126
single,,hot,skarve,default,,hot068,1.629831996979192,,,126
single,,hot,skarve,default,,hot069,1.5282939966709819,,,127
single,,hot,skarve,default,,hot070,1.5592509989801329,,,127
single,,hot,skarve,default,,hot071,1.5157190027821343,,,124
single,,hot,skarve,default,,hot072,1.6033809988584835,,,122
single,,hot,skarve,default,,hot073,1.7184219977934845,,,124
single,,hot,skarve,default,,hot074,1.6431129988632165,,,122
single,,hot,skarve,default,,hot075,1.568350002344232,,,125
single,,hot,skarve,default,,hot076,1.5582949999952689,,,124
single,,hot,skarve,default,,hot077,1.4953460013202857,,,128
single,,hot,skarve,default,,hot078,1.7037840007105842,,,124
single,,hot,skarve,default,,hot079,1.7796709980757441,,,124
single,,hot,skarve,default,,hot080,1.6321670009347145,,,121
single,,hot,skarve,default,,hot081,1.4883300027577206,,,127
single,,hot,skarve,default,,hot082,1.4972210010455456,,,124
single,,hot,skarve,default,,hot083,1.546500003314577,,,125
single,,hot,skarve,default,,hot084,1.616280002053827,,,126
single,,hot,skarve,default,,hot085,1.855167000030633,,,120
single,,hot,skarve,default,,hot086,1.763850999850547,,,125
single,,hot,skarve,default,,hot087,1.5730980012449436,,,124
single,,hot,skarve,default,,hot088,1.5694339999754447,,,123
single,,hot,skarve,default,,hot089,1.5121129981707782,,,123
single,,hot,skarve,default,,hot090,1.7954519971681293,,,121
single,,hot,skarve,default,,hot091,1.6875239998626057,,,122
single,,hot,skarve,default,,hot092,1.6043679970607627,,,123
single,,hot,skarve,default,,hot093,1.6093419981189072,,,123
single,,hot,skarve,default,,hot094,1.4854080000077374,,,120
single,,hot,skarve,default,,hot095,1.5195199994195718,,,126
single,,hot,skarve,default,,hot096,1.5867500005697366,,,122
single,,hot,skarve,default,,hot097,1.6774590003478806,,,126
single,,hot,skarve,default,,hot098,1.5791269979672506,,,126
single,,hot,skarve,default,,hot099,1.6554250032640994,,,124
single,,hot,skarve,decoded-warm,,hot000,0.1585159989190288,,,126
single,,hot,skarve,decoded-warm,,hot001,0.1217540011566598,,,123
single,,hot,skarve,decoded-warm,,hot002,0.09794200013857335,,,127
single,,hot,skarve,decoded-warm,,hot003,0.09023100210470147,,,125
single,,hot,skarve,decoded-warm,,hot004,0.08595100007369183,,,126
single,,hot,skarve,decoded-warm,,hot005,0.16823899932205677,,,126
single,,hot,skarve,decoded-warm,,hot006,0.12643500303965993,,,123
single,,hot,skarve,decoded-warm,,hot007,0.09692499952507205,,,121
single,,hot,skarve,decoded-warm,,hot008,0.1927939993038308,,,124
single,,hot,skarve,decoded-warm,,hot009,0.12496899944380857,,,127
single,,hot,skarve,decoded-warm,,hot010,0.1072529994416982,,,125
single,,hot,skarve,decoded-warm,,hot011,0.10664799992810003,,,123
single,,hot,skarve,decoded-warm,,hot012,0.10110699804499745,,,127
single,,hot,skarve,decoded-warm,,hot013,0.09241999941878021,,,124
single,,hot,skarve,decoded-warm,,hot014,0.09171700003207661,,,123
single,,hot,skarve,decoded-warm,,hot015,0.08749600237933919,,,125
single,,hot,skarve,decoded-warm,,hot016,0.10254399967379868,,,125
single,,hot,skarve,decoded-warm,,hot017,0.13138999929651618,,,124
single,,hot,skarve,decoded-warm,,hot018,0.15467599951080047,,,125
single,,hot,skarve,decoded-warm,,hot019,0.17276299695367925,,,120
single,,hot,skarve,decoded-warm,,hot020,0.1436239981558174,,,127
single,,hot,skarve,decoded-warm,,hot021,0.1033650005410891,,,125
single,,hot,skarve,decoded-warm,,hot022,0.09920199954649433,,,125
single,,hot,skarve,decoded-warm,,hot023,0.0855999969644472,,,125
single,,hot,skarve,decoded-warm,,hot024,0.08729000182938762,,,125
single,,hot,skarve,decoded-warm,,hot025,0.09557700104778633,,,130
single,,hot,skarve,decoded-warm,,hot026,0.08791599975666031,,,121
single,,hot,skarve,decoded-warm,,hot027,0.08637200153316371,,,126
single,,hot,skarve,decoded-warm,,hot028,0.08838500070851296,,,123
single,,hot,skarve,decoded-warm,,hot029,0.08122099825413898,,,124
single,,hot,skarve,decoded-warm,,hot030,0.09250800212612376,,,125
single,,hot,skarve,decoded-warm,,hot031,0.08559899652027525,,,121
single,,hot,skarve,decoded-warm,,hot032,0.14870499944663607,,,124
single,,hot,skarve,decoded-warm,,hot033,0.12132400297559798,,,121
single,,hot,skarve,decoded-warm,,hot034,0.09027099804370664,,,125
single,,hot,skarve,decoded-warm,,hot035,0.12229200001456775,,,118
single,,hot,skarve,decoded-warm,,hot036,0.11585299944272265,,,126
single,,hot,skarve,decoded-warm,,hot037,0.09377900278195739,,,126
single,,hot,skarve,decoded-warm,,hot038,0.0915020027605351,,,124
single,,hot,skarve,decoded-warm,,hot039,0.08735800292924978,,,120
single,,hot,skarve,decoded-warm,,hot040,0.09556699660606682,,,123
single,,hot,skarve,decoded-warm,,hot041,0.08818899732432328,,,123
single,,hot,skarve,decoded-warm,,hot042,0.08341099965036847,,,120
single,,hot,skarve,decoded-warm,,hot043,0.1095690022339113,,,126
single,,hot,skarve,decoded-warm,,hot044,0.1154710007540416,,,124
single,,hot,skarve,decoded-warm,,hot045,0.1403700007358566,,,127
single,,hot,skarve,decoded-warm,,hot046,0.11741599882952869,,,126
single,,hot,skarve,decoded-warm,,hot047,0.09154100189334713,,,125
single,,hot,skarve,decoded-warm,,hot048,0.09145299918600358,,,122
single,,hot,skarve,decoded-warm,,hot049,0.09235199831891805,,,127
single,,hot,skarve,decoded-warm,,hot050,0.08798400085652247,,,121
single,,hot,skarve,decoded-warm,,hot051,0.08654699922772124,,,117
single,,hot,skarve,decoded-warm,,hot052,0.08791600339463912,,,125
single,,hot,skarve,decoded-warm,,hot053,0.08363599772565067,,,124
single,,hot,skarve,decoded-warm,,hot054,0.09038799908012152,,,126
single,,hot,skarve,decoded-warm,,hot055,0.13402799959294498,,,124
single,,hot,skarve,decoded-warm,,hot056,0.11363500016159378,,,130
single,,hot,skarve,decoded-warm,,hot057,0.11180799992871471,,,126
single,,hot,skarve,decoded-warm,,hot058,0.09466700066695921,,,126
single,,hot,skarve,decoded-warm,,hot059,0.09078900257009082,,,120
single,,hot,skarve,decoded-warm,,hot060,0.1425199989171233,,,129
single,,hot,skarve,decoded-warm,,hot061,0.11689800157910213,,,124
single,,hot,skarve,decoded-warm,,hot062,0.09326999861514196,,,124
single,,hot,skarve,decoded-warm,,hot063,0.08595100007369183,,,121
single,,hot,skarve,decoded-warm,,hot064,0.08616600098321214,,,126
single,,hot,skarve,decoded-warm,,hot065,0.10264199954690412,,,124
single,,hot,skarve,decoded-warm,,hot066,0.08693799827597104,,,124
single,,hot,skarve,decoded-warm,,hot067,0.08492499910062179,,,126
single,,hot,skarve,decoded-warm,,hot068,0.08719199831830338,,,126
single,,hot,skarve,decoded-warm,,hot069,0.08805199831840582,,,127
single,,hot,skarve,decoded-warm,,hot070,0.10353999823564664,,,127
single,,hot,skarve,decoded-warm,,hot071,0.0908859983610455,,,124
single,,hot,skarve,decoded-warm,,hot072,0.12147099914727733,,,122
single,,hot,skarve,decoded-warm,,hot073,0.13295299868332222,,,124
single,,hot,skarve,decoded-warm,,hot074,0.14053499762667343,,,122
single,,hot,skarve,decoded-warm,,hot075,0.1031300016620662,,,125
single,,hot,skarve,decoded-warm,,hot076,0.0976189985522069,,,124
single,,hot,skarve,decoded-warm,,hot077,0.08734899893170223,,,128
single,,hot,skarve,decoded-warm,,hot078,0.1546159983263351,,,124
single,,hot,skarve,decoded-warm,,hot079,0.11897999866050668,,,124
single,,hot,skarve,decoded-warm,,hot080,0.09197100007440895,,,121
single,,hot,skarve,decoded-warm,,hot081,0.14914499843143858,,,127
single,,hot,skarve,decoded-warm,,hot082,0.09176599996862933,,,124
single,,hot,skarve,decoded-warm,,hot083,0.09007499829749577,,,125
single,,hot,skarve,decoded-warm,,hot084,0.09356400187243707,,,126
single,,hot,skarve,decoded-warm,,hot085,0.13829799718223512,,,120
single,,hot,skarve,decoded-warm,,hot086,0.12081699969712645,,,125
single,,hot,skarve,decoded-warm,,hot087,0.09869400309980847,,,124
single,,hot,skarve,decoded-warm,,hot088,0.12940500164404511,,,123
single,,hot,skarve,decoded-warm,,hot089,0.10813300104928203,,,123
single,,hot,skarve,decoded-warm,,hot090,0.09196100290864706,,,121
single,,hot,skarve,decoded-warm,,hot091,0.1262299992959015,,,122
single,,hot,skarve,decoded-warm,,hot092,0.11799300045822747,,,123
single,,hot,skarve,decoded-warm,,hot093,0.09877199772745371,,,123
single,,hot,skarve,decoded-warm,,hot094,0.10998000288964249,,,120
single,,hot,skarve,decoded-warm,,hot095,0.0971690024016425,,,126
single,,hot,skarve,decoded-warm,,hot096,0.09015300020109862,,,122
single,,hot,skarve,decoded-warm,,hot097,0.08680199971422553,,,126
single,,hot,skarve,decoded-warm,,hot098,0.0846130024001468,,,126
single,,hot,skarve,decoded-warm,,hot099,0.1753129981807433,,,124
single,,scatter,skarve,cache-overflow,,scatter000,1.7972790010389872,,,120
single,,scatter,skarve,cache-overflow,,scatter001,1.5602579987898935,,,129
single,,scatter,skarve,cache-overflow,,scatter002,1.4966150010877755,,,126
single,,scatter,skarve,cache-overflow,,scatter003,1.5041100014059339,,,124
single,,scatter,skarve,cache-overflow,,scatter004,1.4977499995438848,,,125
single,,scatter,skarve,cache-overflow,,scatter005,1.6916770000534598,,,122
single,,scatter,skarve,cache-overflow,,scatter006,1.6775379990576766,,,123
single,,scatter,skarve,cache-overflow,,scatter007,1.565799000672996,,,125
single,,scatter,skarve,cache-overflow,,scatter008,1.6464639993500896,,,122
single,,scatter,skarve,cache-overflow,,scatter009,1.6045519987528678,,,129
single,,scatter,skarve,cache-overflow,,scatter010,1.6057350003393367,,,125
single,,scatter,skarve,cache-overflow,,scatter011,1.928415000293171,,,125
single,,scatter,skarve,cache-overflow,,scatter012,1.564431000588229,,,124
single,,scatter,skarve,cache-overflow,,scatter013,1.4947979980206583,,,128
single,,scatter,skarve,cache-overflow,,scatter014,1.5131979998841416,,,122
single,,scatter,skarve,cache-overflow,,scatter015,1.5031729999464005,,,125
single,,scatter,skarve,cache-overflow,,scatter016,1.5418000002682675,,,125
single,,scatter,skarve,cache-overflow,,scatter017,1.737995000439696,,,120
single,,scatter,skarve,cache-overflow,,scatter018,1.5608350004185922,,,127
single,,scatter,skarve,cache-overflow,,scatter019,1.574916001118254,,,123
single,,scatter,skarve,cache-overflow,,scatter020,1.5705189980508294,,,123
single,,scatter,skarve,cache-overflow,,scatter021,1.5465380020032171,,,128
single,,scatter,skarve,cache-overflow,,scatter022,1.5645570019842125,,,126
single,,scatter,skarve,cache-overflow,,scatter023,1.7030800008797087,,,123
single,,scatter,skarve,cache-overflow,,scatter024,1.6912960018089507,,,125
single,,scatter,skarve,cache-overflow,,scatter025,1.7741599986038636,,,121
single,,scatter,skarve,cache-overflow,,scatter026,1.590394000231754,,,127
single,,scatter,skarve,cache-overflow,,scatter027,1.4997129983385094,,,126
single,,scatter,skarve,cache-overflow,,scatter028,1.5217969994409941,,,122
single,,scatter,skarve,cache-overflow,,scatter029,1.568661999044707,,,122
single,,scatter,skarve,cache-overflow,,scatter030,1.645955999265425,,,124
single,,scatter,skarve,cache-overflow,,scatter031,1.5002889995230362,,,125
single,,scatter,skarve,cache-overflow,,scatter032,1.4886710014252458,,,124
single,,scatter,skarve,cache-overflow,,scatter033,1.5111450011318084,,,125
single,,scatter,skarve,cache-overflow,,scatter034,1.4603729978261981,,,125
single,,scatter,skarve,cache-overflow,,scatter035,1.9667300002765842,,,122
single,,scatter,skarve,cache-overflow,,scatter036,1.6989969990390819,,,124
single,,scatter,skarve,cache-overflow,,scatter037,1.5239280000969302,,,124
single,,scatter,skarve,cache-overflow,,scatter038,1.467838003009092,,,115
single,,scatter,skarve,cache-overflow,,scatter039,1.463197000703076,,,123
single,,scatter,skarve,cache-overflow,,scatter040,1.4948569987609517,,,123
single,,scatter,skarve,cache-overflow,,scatter041,1.5437740003108047,,,128
single,,scatter,skarve,cache-overflow,,scatter042,1.622767998924246,,,120
single,,scatter,skarve,cache-overflow,,scatter043,1.5188460019999184,,,122
single,,scatter,skarve,cache-overflow,,scatter044,1.4780880010221153,,,126
single,,scatter,skarve,cache-overflow,,scatter045,1.5045399995869957,,,127
single,,scatter,skarve,cache-overflow,,scatter046,1.4902540024195332,,,126
single,,scatter,skarve,cache-overflow,,scatter047,1.4252239998313598,,,125
single,,scatter,skarve,cache-overflow,,scatter048,1.612664000276709,,,125
single,,scatter,skarve,cache-overflow,,scatter049,1.6223479979089461,,,124
single,,scatter,skarve,cache-overflow,,scatter050,1.554933001898462,,,126
single,,scatter,skarve,cache-overflow,,scatter051,1.6017779998946935,,,121
single,,scatter,skarve,cache-overflow,,scatter052,1.4584870004910044,,,127
single,,scatter,skarve,cache-overflow,,scatter053,1.4764379993721377,,,120
single,,scatter,skarve,cache-overflow,,scatter054,1.6641990005155094,,,126
single,,scatter,skarve,cache-overflow,,scatter055,1.6754260032030288,,,124
single,,scatter,skarve,cache-overflow,,scatter056,1.5168520003498998,,,126
single,,scatter,skarve,cache-overflow,,scatter057,1.478977999795461,,,127
single,,scatter,skarve,cache-overflow,,scatter058,1.478870999562787,,,125
single,,scatter,skarve,cache-overflow,,scatter059,1.4881639981467742,,,127
single,,scatter,skarve,cache-overflow,,scatter060,1.5188460019999184,,,120
single,,scatter,skarve,cache-overflow,,scatter061,1.6541540026082657,,,124
single,,scatter,skarve,cache-overflow,,scatter062,1.4826430015091319,,,126
single,,scatter,skarve,cache-overflow,,scatter063,1.574222002091119,,,122
single,,scatter,skarve,cache-overflow,,scatter064,1.6194739982893225,,,127
single,,scatter,skarve,cache-overflow,,scatter065,1.4913190025254153,,,123
single,,scatter,skarve,cache-overflow,,scatter066,1.4693819975946099,,,126
single,,scatter,skarve,cache-overflow,,scatter067,1.6642379996483214,,,125
single,,scatter,skarve,cache-overflow,,scatter068,1.5679000025556888,,,122
single,,scatter,skarve,cache-overflow,,scatter069,1.5090460001374595,,,120
single,,scatter,skarve,cache-overflow,,scatter070,1.4614179999625776,,,121
single,,scatter,skarve,cache-overflow,,scatter071,1.4555460002156906,,,124
single,,scatter,skarve,cache-overflow,,scatter072,1.4984330009610858,,,126
single,,scatter,skarve,cache-overflow,,scatter073,1.6257379975286312,,,128
single,,scatter,skarve,cache-overflow,,scatter074,1.729992000036873,,,122
single,,scatter,skarve,cache-overflow,,scatter075,1.5461580005649012,,,125
single,,scatter,skarve,cache-overflow,,scatter076,1.6120190011861268,,,125
single,,scatter,skarve,cache-overflow,,scatter077,1.497055000072578,,,125
single,,scatter,skarve,cache-overflow,,scatter078,1.4985199995862786,,,124
single,,scatter,skarve,cache-overflow,,scatter079,1.588488001289079,,,129
single,,scatter,skarve,cache-overflow,,scatter080,1.5977040020516142,,,127
single,,scatter,skarve,cache-overflow,,scatter081,1.5461769980902318,,,119
single,,scatter,skarve,cache-overflow,,scatter082,1.5303480031434447,,,124
single,,scatter,skarve,cache-overflow,,scatter083,1.490450002165744,,,127
single,,scatter,skarve,cache-overflow,,scatter084,1.4833750028628856,,,123
single,,scatter,skarve,cache-overflow,,scatter085,1.4971829987189267,,,123
single,,scatter,skarve,cache-overflow,,scatter086,1.6048950019467156,,,123
single,,scatter,skarve,cache-overflow,,scatter087,1.5562029984721448,,,125
single,,scatter,skarve,cache-overflow,,scatter088,1.505555999756325,,,126
single,,scatter,skarve,cache-overflow,,scatter089,1.4658440013590734,,,125
single,,scatter,skarve,cache-overflow,,scatter090,1.5891920011199545,,,128
single,,scatter,skarve,cache-overflow,,scatter091,1.5124070014280733,,,124
single,,scatter,skarve,cache-overflow,,scatter092,1.6744800013839267,,,126
single,,scatter,skarve,cache-overflow,,scatter093,1.6011140032787807,,,123
single,,scatter,skarve,cache-overflow,,scatter094,1.5707830025348812,,,126
single,,scatter,skarve,cache-overflow,,scatter095,1.4980429987190291,,,123
single,,scatter,skarve,cache-overflow,,scatter096,1.4689620002172887,,,126
single,,scatter,skarve,cache-overflow,,scatter097,1.4815579997957684,,,128
single,,scatter,skarve,cache-overflow,,scatter098,1.6484369989484549,,,123
single,,scatter,skarve,cache-overflow,,scatter099,1.6351579979527742,,,124
single,,hot,exactextract,feature-sequential,,hot000,0.900701001228299,,,110
single,,hot,exactextract,feature-sequential,,hot001,0.3536260010150727,,,105
single,,hot,exactextract,feature-sequential,,hot002,0.34714799767243676,,,109
single,,hot,exactextract,feature-sequential,,hot003,0.3265100021963008,,,108
single,,hot,exactextract,feature-sequential,,hot004,0.2931499984697439,,,110
single,,hot,exactextract,feature-sequential,,hot005,0.34014099946944043,,,109
single,,hot,exactextract,feature-sequential,,hot006,0.4574689992296044,,,107
single,,hot,exactextract,feature-sequential,,hot007,0.3504310006974265,,,104
single,,hot,exactextract,feature-sequential,,hot008,0.3200309984094929,,,109
single,,hot,exactextract,feature-sequential,,hot009,0.3285999991931021,,,109
single,,hot,exactextract,feature-sequential,,hot010,0.27590299941948615,,,107
single,,hot,exactextract,feature-sequential,,hot011,0.38923400279600173,,,106
single,,hot,exactextract,feature-sequential,,hot012,0.30508100098813884,,,111
single,,hot,exactextract,feature-sequential,,hot013,0.297752001642948,,,108
single,,hot,exactextract,feature-sequential,,hot014,0.29844600067008287,,,106
single,,hot,exactextract,feature-sequential,,hot015,0.29609099874505773,,,109
single,,hot,exactextract,feature-sequential,,hot016,0.3183410008205101,,,110
single,,hot,exactextract,feature-sequential,,hot017,0.3502649997244589,,,106
single,,hot,exactextract,feature-sequential,,hot018,0.32062799800769426,,,109
single,,hot,exactextract,feature-sequential,,hot019,0.3230699985579122,,,104
single,,hot,exactextract,feature-sequential,,hot020,0.36048600304638967,,,111
single,,hot,exactextract,feature-sequential,,hot021,0.3691530000651255,,,109
single,,hot,exactextract,feature-sequential,,hot022,0.37004299883847125,,,106
single,,hot,exactextract,feature-sequential,,hot023,0.32733999978518113,,,107
single,,hot,exactextract,feature-sequential,,hot024,0.35626500175567344,,,108
single,,hot,exactextract,feature-sequential,,hot025,0.2990320026583504,,,112
single,,hot,exactextract,feature-sequential,,hot026,0.311902000248665,,,104
single,,hot,exactextract,feature-sequential,,hot027,0.3079820016864687,,,109
single,,hot,exactextract,feature-sequential,,hot028,0.31503799982601777,,,106
single,,hot,exactextract,feature-sequential,,hot029,0.3380310008651577,,,107
single,,hot,exactextract,feature-sequential,,hot030,0.33461000202805735,,,108
single,,hot,exactextract,feature-sequential,,hot031,0.29436099794111215,,,103
single,,hot,exactextract,feature-sequential,,hot032,0.3198550002707634,,,107
single,,hot,exactextract,feature-sequential,,hot033,0.32242499946733005,,,105
single,,hot,exactextract,feature-sequential,,hot034,0.2826349991664756,,,107
single,,hot,exactextract,feature-sequential,,hot035,0.36880100014968775,,,102
single,,hot,exactextract,feature-sequential,,hot036,0.3990639997937251,,,107
single,,hot,exactextract,feature-sequential,,hot037,0.3383530020073522,,,107
single,,hot,exactextract,feature-sequential,,hot038,0.30442500064964406,,,109
single,,hot,exactextract,feature-sequential,,hot039,0.2967449981952086,,,103
single,,hot,exactextract,feature-sequential,,hot040,0.27925399990635924,,,105
single,,hot,exactextract,feature-sequential,,hot041,0.34246699942741543,,,106
single,,hot,exactextract,feature-sequential,,hot042,0.3254149996791966,,,105
single,,hot,exactextract,feature-sequential,,hot043,0.31232100081979297,,,107
single,,hot,exactextract,feature-sequential,,hot044,0.2923969987023156,,,110
single,,hot,exactextract,feature-sequential,,hot045,0.32740900132921524,,,110
single,,hot,exactextract,feature-sequential,,hot046,0.319151997246081,,,109
single,,hot,exactextract,feature-sequential,,hot047,0.35915699845645577,,,108
single,,hot,exactextract,feature-sequential,,hot048,0.38564799979212694,,,104
single,,hot,exactextract,feature-sequential,,hot049,0.3433269994275179,,,110
single,,hot,exactextract,feature-sequential,,hot050,0.3961910006182734,,,104
single,,hot,exactextract,feature-sequential,,hot051,0.2982400001201313,,,101
single,,hot,exactextract,feature-sequential,,hot052,0.42647300142562017,,,109
single,,hot,exactextract,feature-sequential,,hot053,0.331844999891473,,,108
single,,hot,exactextract,feature-sequential,,hot054,0.29497700234060176,,,109
single,,hot,exactextract,feature-sequential,,hot055,0.28868400113424286,,,106
single,,hot,exactextract,feature-sequential,,hot056,0.3037710011994932,,,113
single,,hot,exactextract,feature-sequential,,hot057,0.33313499807263725,,,108
single,,hot,exactextract,feature-sequential,,hot058,0.3453389981586952,,,109
single,,hot,exactextract,feature-sequential,,hot059,0.31862399919191375,,,103
single,,hot,exactextract,feature-sequential,,hot060,0.28768700212822296,,,110
single,,hot,exactextract,feature-sequential,,hot061,0.278882998827612,,,106
single,,hot,exactextract,feature-sequential,,hot062,0.31216499701258726,,,108
single,,hot,exactextract,feature-sequential,,hot063,0.3165620000800118,,,104
single,,hot,exactextract,feature-sequential,,hot064,0.2886649999709334,,,109
single,,hot,exactextract,feature-sequential,,hot065,0.36161000025458634,,,107
single,,hot,exactextract,feature-sequential,,hot066,0.3935729982913472,,,107
single,,hot,exactextract,feature-sequential,,hot067,0.3206469991710037,,,108
single,,hot,exactextract,feature-sequential,,hot068,0.282429999060696,,,109
single,,hot,exactextract,feature-sequential,,hot069,0.3130059994873591,,,111
single,,hot,exactextract,feature-sequential,,hot070,0.2792449995467905,,,111
single,,hot,exactextract,feature-sequential,,hot071,0.33046699900296517,,,108
single,,hot,exactextract,feature-sequential,,hot072,0.2889870011131279,,,107
single,,hot,exactextract,feature-sequential,,hot073,0.28173600003356114,,,107
single,,hot,exactextract,feature-sequential,,hot074,0.2765280005405657,,,109
single,,hot,exactextract,feature-sequential,,hot075,0.2738700022746343,,,107
single,,hot,exactextract,feature-sequential,,hot076,0.4016050006612204,,,108
single,,hot,exactextract,feature-sequential,,hot077,0.3853739981423132,,,112
single,,hot,exactextract,feature-sequential,,hot078,0.361317001079442,,,107
single,,hot,exactextract,feature-sequential,,hot079,0.37169400093262084,,,107
single,,hot,exactextract,feature-sequential,,hot080,0.31112899887375534,,,105
single,,hot,exactextract,feature-sequential,,hot081,0.2848330004781019,,,111
single,,hot,exactextract,feature-sequential,,hot082,0.3321189979033079,,,107
single,,hot,exactextract,feature-sequential,,hot083,0.3452909986663144,,,107
single,,hot,exactextract,feature-sequential,,hot084,0.29911000092397444,,,108
single,,hot,exactextract,feature-sequential,,hot085,0.30196299849194475,,,106
single,,hot,exactextract,feature-sequential,,hot086,0.28785299946321175,,,109
single,,hot,exactextract,feature-sequential,,hot087,0.30306700136861764,,,105
single,,hot,exactextract,feature-sequential,,hot088,0.3226890003134031,,,107
single,,hot,exactextract,feature-sequential,,hot089,0.34991299980902113,,,104
single,,hot,exactextract,feature-sequential,,hot090,0.2892499978770502,,,107
single,,hot,exactextract,feature-sequential,,hot091,0.2829959994414821,,,107
single,,hot,exactextract,feature-sequential,,hot092,0.27753399990615435,,,106
single,,hot,exactextract,feature-sequential,,hot093,0.2767229998426046,,,106
single,,hot,exactextract,feature-sequential,,hot094,0.27984999906038865,,,104
single,,hot,exactextract,feature-sequential,,hot095,0.386751999030821,,,110
single,,hot,exactextract,feature-sequential,,hot096,0.3099079985986464,,,103
single,,hot,exactextract,feature-sequential,,hot097,0.3035849986190442,,,110
single,,hot,exactextract,feature-sequential,,hot098,0.35064500116277486,,,107
single,,hot,exactextract,feature-sequential,,hot099,0.2852930010703858,,,108
single,,scatter,exactextract,feature-sequential,,scatter000,0.2796749977278523,,,103
single,,scatter,exactextract,feature-sequential,,scatter001,0.2858890002244152,,,113
single,,scatter,exactextract,feature-sequential,,scatter002,0.3603100012696814,,,108
single,,scatter,exactextract,feature-sequential,,scatter003,0.31879000016488135,,,108
single,,scatter,exactextract,feature-sequential,,scatter004,0.28037700030836277,,,109
single,,scatter,exactextract,feature-sequential,,scatter005,0.2727169994614087,,,104
single,,scatter,exactextract,feature-sequential,,scatter006,0.34134299858123995,,,105
single,,scatter,exactextract,feature-sequential,,scatter007,0.5005229977541603,,,108
single,,scatter,exactextract,feature-sequential,,scatter008,0.3686359996208921,,,104
single,,scatter,exactextract,feature-sequential,,scatter009,0.3247419990657363,,,113
single,,scatter,exactextract,feature-sequential,,scatter010,0.37135200182092376,,,109
single,,scatter,exactextract,feature-sequential,,scatter011,0.32318699959432706,,,107
single,,scatter,exactextract,feature-sequential,,scatter012,0.29248499777168036,,,107
single,,scatter,exactextract,feature-sequential,,scatter013,0.32563000058871694,,,111
single,,scatter,exactextract,feature-sequential,,scatter014,0.3890189982485026,,,108
single,,scatter,exactextract,feature-sequential,,scatter015,0.31577099798596464,,,106
single,,scatter,exactextract,feature-sequential,,scatter016,0.28023100094287656,,,108
single,,scatter,exactextract,feature-sequential,,scatter017,0.27574699925025925,,,102
single,,scatter,exactextract,feature-sequential,,scatter018,0.2951729984488338,,,109
single,,scatter,exactextract,feature-sequential,,scatter019,0.3427800002100412,,,104
single,,scatter,exactextract,feature-sequential,,scatter020,0.3221519982616883,,,106
single,,scatter,exactextract,feature-sequential,,scatter021,0.28797099730581976,,,110
single,,scatter,exactextract,feature-sequential,,scatter022,0.3189960007148329,,,110
single,,scatter,exactextract,feature-sequential,,scatter023,0.2824199982569553,,,108
single,,scatter,exactextract,feature-sequential,,scatter024,0.4083179992449004,,,110
single,,scatter,exactextract,feature-sequential,,scatter025,0.31493999995291233,,,106
single,,scatter,exactextract,feature-sequential,,scatter026,0.3175000019837171,,,110
single,,scatter,exactextract,feature-sequential,,scatter027,0.3500599996186793,,,107
single,,scatter,exactextract,feature-sequential,,scatter028,0.3025500009243842,,,107
single,,scatter,exactextract,feature-sequential,,scatter029,0.28438400113373064,,,106
single,,scatter,exactextract,feature-sequential,,scatter030,0.2753950029728003,,,110
single,,scatter,exactextract,feature-sequential,,scatter031,0.30350700035342015,,,109
single,,scatter,exactextract,feature-sequential,,scatter032,0.35223899976699613,,,108
single,,scatter,exactextract,feature-sequential,,scatter033,0.2939890000561718,,,107
single,,scatter,exactextract,feature-sequential,,scatter034,0.30368299849214964,,,109
single,,scatter,exactextract,feature-sequential,,scatter035,0.3013179994013626,,,106
single,,scatter,exactextract,feature-sequential,,scatter036,0.3083539995714091,,,108
single,,scatter,exactextract,feature-sequential,,scatter037,0.46168100016075186,,,106
single,,scatter,exactextract,feature-sequential,,scatter038,0.35508200016920455,,,101
single,,scatter,exactextract,feature-sequential,,scatter039,0.3520340032991953,,,107
single,,scatter,exactextract,feature-sequential,,scatter040,0.35932299942942336,,,106
single,,scatter,exactextract,feature-sequential,,scatter041,0.3354799991939217,,,109
single,,scatter,exactextract,feature-sequential,,scatter042,0.3022860000783112,,,102
single,,scatter,exactextract,feature-sequential,,scatter043,0.31577099798596464,,,105
single,,scatter,exactextract,feature-sequential,,scatter044,0.3616779977164697,,,111
single,,scatter,exactextract,feature-sequential,,scatter045,0.29253300090203993,,,109
single,,scatter,exactextract,feature-sequential,,scatter046,0.3450170006544795,,,109
single,,scatter,exactextract,feature-sequential,,scatter047,0.2862699984689243,,,109
single,,scatter,exactextract,feature-sequential,,scatter048,0.27639100153464824,,,107
single,,scatter,exactextract,feature-sequential,,scatter049,0.28365099933580495,,,107
single,,scatter,exactextract,feature-sequential,,scatter050,0.43909800297115,,,110
single,,scatter,exactextract,feature-sequential,,scatter051,0.2978980010084342,,,102
single,,scatter,exactextract,feature-sequential,,scatter052,0.28698399910354055,,,110
single,,scatter,exactextract,feature-sequential,,scatter053,0.3304570018372033,,,104
single,,scatter,exactextract,feature-sequential,,scatter054,0.30901799982530065,,,107
single,,scatter,exactextract,feature-sequential,,scatter055,0.30363499899976887,,,108
single,,scatter,exactextract,feature-sequential,,scatter056,0.37686299765482545,,,111
single,,scatter,exactextract,feature-sequential,,scatter057,0.3023049976036418,,,111
single,,scatter,exactextract,feature-sequential,,scatter058,0.2795269974740222,,,111
single,,scatter,exactextract,feature-sequential,,scatter059,0.3032730019185692,,,109
single,,scatter,exactextract,feature-sequential,,scatter060,0.28806800037273206,,,106
single,,scatter,exactextract,feature-sequential,,scatter061,0.28412100073182955,,,106
single,,scatter,exactextract,feature-sequential,,scatter062,0.31881000177236274,,,108
single,,scatter,exactextract,feature-sequential,,scatter063,0.29584599906229414,,,107
single,,scatter,exactextract,feature-sequential,,scatter064,0.28460900284699164,,,111
single,,scatter,exactextract,feature-sequential,,scatter065,0.28294799994910136,,,107
single,,scatter,exactextract,feature-sequential,,scatter066,0.30382100158021785,,,111
single,,scatter,exactextract,feature-sequential,,scatter067,0.4069799979333766,,,108
single,,scatter,exactextract,feature-sequential,,scatter068,0.3773620010179002,,,105
single,,scatter,exactextract,feature-sequential,,scatter069,0.36383699989528395,,,103
single,,scatter,exactextract,feature-sequential,,scatter070,0.326011999277398,,,107
single,,scatter,exactextract,feature-sequential,,scatter071,0.311597999825608,,,108
single,,scatter,exactextract,feature-sequential,,scatter072,0.28994400054216385,,,108
single,,scatter,exactextract,feature-sequential,,scatter073,0.3656549997685943,,,110
single,,scatter,exactextract,feature-sequential,,scatter074,0.33931100188056007,,,108
single,,scatter,exactextract,feature-sequential,,scatter075,0.3061069983232301,,,108
single,,scatter,exactextract,feature-sequential,,scatter076,0.2893390010285657,,,108
single,,scatter,exactextract,feature-sequential,,scatter077,0.28289900001254864,,,109
single,,scatter,exactextract,feature-sequential,,scatter078,0.3510860005917493,,,106
single,,scatter,exactextract,feature-sequential,,scatter079,0.2808760000334587,,,111
single,,scatter,exactextract,feature-sequential,,scatter080,0.33421899934182875,,,111
single,,scatter,exactextract,feature-sequential,,scatter081,0.31435299752047285,,,102
single,,scatter,exactextract,feature-sequential,,scatter082,0.3082170005654916,,,106
single,,scatter,exactextract,feature-sequential,,scatter083,0.2807100026984699,,,109
single,,scatter,exactextract,feature-sequential,,scatter084,0.2847069990821183,,,108
single,,scatter,exactextract,feature-sequential,,scatter085,0.27146600041305646,,,105
single,,scatter,exactextract,feature-sequential,,scatter086,0.2754139968601521,,,107
single,,scatter,exactextract,feature-sequential,,scatter087,0.36097400152357295,,,107
single,,scatter,exactextract,feature-sequential,,scatter088,0.28979799753869884,,,109
single,,scatter,exactextract,feature-sequential,,scatter089,0.2832019999914337,,,108
single,,scatter,exactextract,feature-sequential,,scatter090,0.27951799711445346,,,109
single,,scatter,exactextract,feature-sequential,,scatter091,0.2808860008371994,,,107
single,,scatter,exactextract,feature-sequential,,scatter092,0.2906869995058514,,,109
single,,scatter,exactextract,feature-sequential,,scatter093,0.2763029988273047,,,106
single,,scatter,exactextract,feature-sequential,,scatter094,0.36021200139657594,,,108
single,,scatter,exactextract,feature-sequential,,scatter095,0.3257669995946344,,,106
single,,scatter,exactextract,feature-sequential,,scatter096,0.28729599944199435,,,109
single,,scatter,exactextract,feature-sequential,,scatter097,0.2833280013874173,,,110
single,,scatter,exactextract,feature-sequential,,scatter098,0.4113269969820976,,,107
single,,scatter,exactextract,feature-sequential,,scatter099,0.5652699983329512,,,107
single,,hot,exactextract,raster-sequential,,hot000,3.4654070004762616,,,110
single,,hot,exactextract,raster-sequential,,hot001,0.7235810007841792,,,105
single,,hot,exactextract,raster-sequential,,hot002,0.6932489995961078,,,109
single,,hot,exactextract,raster-sequential,,hot003,0.7213530006993096,,,108
single,,hot,exactextract,raster-sequential,,hot004,0.7018100004643202,,,110
single,,hot,exactextract,raster-sequential,,hot005,0.6876500010548625,,,109
single,,hot,exactextract,raster-sequential,,hot006,0.6565670009877067,,,107
single,,hot,exactextract,raster-sequential,,hot007,0.7899600022938102,,,104
single,,hot,exactextract,raster-sequential,,hot008,0.9791289994609542,,,109
single,,hot,exactextract,raster-sequential,,hot009,0.8691190014360473,,,109
single,,hot,exactextract,raster-sequential,,hot010,0.7395180000457913,,,107
single,,hot,exactextract,raster-sequential,,hot011,0.6847479999123607,,,106
single,,hot,exactextract,raster-sequential,,hot012,0.6798230024287477,,,111
single,,hot,exactextract,raster-sequential,,hot013,0.690610999299679,,,108
single,,hot,exactextract,raster-sequential,,hot014,0.7094600005075336,,,106
single,,hot,exactextract,raster-sequential,,hot015,0.6899660002090968,,,109
single,,hot,exactextract,raster-sequential,,hot016,0.659605000691954,,,110
single,,hot,exactextract,raster-sequential,,hot017,0.6494029985333327,,,106
single,,hot,exactextract,raster-sequential,,hot018,0.6821099996159319,,,109
single,,hot,exactextract,raster-sequential,,hot019,0.6776929985790048,,,104
single,,hot,exactextract,raster-sequential,,hot020,0.7446879972121678,,,111
single,,hot,exactextract,raster-sequential,,hot021,1.077393000741722,,,109
single,,hot,exactextract,raster-sequential,,hot022,1.067553002940258,,,106
single,,hot,exactextract,raster-sequential,,hot023,0.9901509984047152,,,107
single,,hot,exactextract,raster-sequential,,hot024,0.8390910006710328,,,108
single,,hot,exactextract,raster-sequential,,hot025,0.7820739992894232,,,112
single,,hot,exactextract,raster-sequential,,hot026,0.7039400006760843,,,104
single,,hot,exactextract,raster-sequential,,hot027,0.7967310011736117,,,109
single,,hot,exactextract,raster-sequential,,hot028,0.6908169998496305,,,106
single,,hot,exactextract,raster-sequential,,hot029,0.6814359985582996,,,107
single,,hot,exactextract,raster-sequential,,hot030,0.6841029971837997,,,108
single,,hot,exactextract,raster-sequential,,hot031,0.6773509994673077,,,103
single,,hot,exactextract,raster-sequential,,hot032,0.9529800008749589,,,107
single,,hot,exactextract,raster-sequential,,hot033,1.483326999732526,,,105
single,,hot,exactextract,raster-sequential,,hot034,1.3347579988476355,,,107
single,,hot,exactextract,raster-sequential,,hot035,0.8082129970716778,,,102
single,,hot,exactextract,raster-sequential,,hot036,0.758406997192651,,,107
single,,hot,exactextract,raster-sequential,,hot037,0.7218909995572176,,,107
single,,hot,exactextract,raster-sequential,,hot038,0.7585339990328066,,,109
single,,hot,exactextract,raster-sequential,,hot039,0.7513710006605834,,,103
single,,hot,exactextract,raster-sequential,,hot040,0.6757980008842424,,,105
single,,hot,exactextract,raster-sequential,,hot041,0.6445380022341851,,,106
single,,hot,exactextract,raster-sequential,,hot042,0.6927899994479958,,,105
single,,hot,exactextract,raster-sequential,,hot043,0.7542540006397758,,,107
single,,hot,exactextract,raster-sequential,,hot044,1.0663989996828604,,,110
single,,hot,exactextract,raster-sequential,,hot045,0.9920280026562978,,,110
single,,hot,exactextract,raster-sequential,,hot046,0.7663899996259715,,,109
single,,hot,exactextract,raster-sequential,,hot047,0.7359230003203265,,,108
single,,hot,exactextract,raster-sequential,,hot048,1.795413001673296,,,104
single,,hot,exactextract,raster-sequential,,hot049,0.7168379997892771,,,110
single,,hot,exactextract,raster-sequential,,hot050,0.6966889995965175,,,104
single,,hot,exactextract,raster-sequential,,hot051,0.6556190019182395,,,101
single,,hot,exactextract,raster-sequential,,hot052,0.6743800004187506,,,109
single,,hot,exactextract,raster-sequential,,hot053,0.6831649989180733,,,108
single,,hot,exactextract,raster-sequential,,hot054,0.6708330001856666,,,109
single,,hot,exactextract,raster-sequential,,hot055,0.9672079977463,,,106
single,,hot,exactextract,raster-sequential,,hot056,1.1602560007304419,,,113
single,,hot,exactextract,raster-sequential,,hot057,1.2448300003597979,,,108
single,,hot,exactextract,raster-sequential,,hot058,0.7843109997338615,,,109
single,,hot,exactextract,raster-sequential,,hot059,0.7597650001116563,,,103
single,,hot,exactextract,raster-sequential,,hot060,0.7433669998135883,,,110
single,,hot,exactextract,raster-sequential,,hot061,0.6703449980705045,,,106
single,,hot,exactextract,raster-sequential,,hot062,0.7315260008908808,,,108
single,,hot,exactextract,raster-sequential,,hot063,0.6621470020036213,,,104
single,,hot,exactextract,raster-sequential,,hot064,0.6516899993584957,,,109
single,,hot,exactextract,raster-sequential,,hot065,0.6790709994675126,,,107
single,,hot,exactextract,raster-sequential,,hot066,0.7136329986678902,,,107
single,,hot,exactextract,raster-sequential,,hot067,0.9473030004301108,,,108
single,,hot,exactextract,raster-sequential,,hot068,1.121629000408575,,,109
single,,hot,exactextract,raster-sequential,,hot069,0.9612860012566671,,,111
single,,hot,exactextract,raster-sequential,,hot070,0.8027309995668475,,,111
single,,hot,exactextract,raster-sequential,,hot071,0.7255640011862852,,,108
single,,hot,exactextract,raster-sequential,,hot072,0.743681001040386,,,107
single,,hot,exactextract,raster-sequential,,hot073,0.7280370009539183,,,107
single,,hot,exactextract,raster-sequential,,hot074,0.6817680005042348,,,109
single,,hot,exactextract,raster-sequential,,hot075,0.7446479976351839,,,107
single,,hot,exactextract,raster-sequential,,hot076,0.6850509998912457,,,108
single,,hot,exactextract,raster-sequential,,hot077,0.712069002474891,,,112
single,,hot,exactextract,raster-sequential,,hot078,0.7032069988781586,,,107
single,,hot,exactextract,raster-sequential,,hot079,0.7873009999457281,,,107
single,,hot,exactextract,raster-sequential,,hot080,1.0049459997389931,,,105
single,,hot,exactextract,raster-sequential,,hot081,0.8561909999116324,,,111
single,,hot,exactextract,raster-sequential,,hot082,0.8088770009635482,,,107
single,,hot,exactextract,raster-sequential,,hot083,0.8106759996735491,,,107
single,,hot,exactextract,raster-sequential,,hot084,0.7360000017797574,,,108
single,,hot,exactextract,raster-sequential,,hot085,0.6951049981580582,,,106
single,,hot,exactextract,raster-sequential,,hot086,0.6700220001221169,,,109
single,,hot,exactextract,raster-sequential,,hot087,0.7017409989202861,,,105
single,,hot,exactextract,raster-sequential,,hot088,0.7075159992382396,,,107
single,,hot,exactextract,raster-sequential,,hot089,0.6926339992787689,,,104
single,,hot,exactextract,raster-sequential,,hot090,0.7047799990687054,,,107
single,,hot,exactextract,raster-sequential,,hot091,0.6760219985153526,,,107
single,,hot,exactextract,raster-sequential,,hot092,0.8173300011549145,,,106
single,,hot,exactextract,raster-sequential,,hot093,1.0483510013727937,,,106
single,,hot,exactextract,raster-sequential,,hot094,1.1694700006046332,,,104
single,,hot,exactextract,raster-sequential,,hot095,0.8034940001380164,,,110
single,,hot,exactextract,raster-sequential,,hot096,0.875080000696471,,,103
single,,hot,exactextract,raster-sequential,,hot097,0.8144960011122748,,,110
single,,hot,exactextract,raster-sequential,,hot098,0.669904999085702,,,107
single,,hot,exactextract,raster-sequential,,hot099,0.6946569992578588,,,108
single,,scatter,exactextract,raster-sequential,,scatter000,0.7016439994913526,,,103
single,,scatter,exactextract,raster-sequential,,scatter001,0.6560779984283727,,,113
single,,scatter,exactextract,raster-sequential,,scatter002,0.6736280010954943,,,108
single,,scatter,exactextract,raster-sequential,,scatter003,0.7144150004023686,,,108
single,,scatter,exactextract,raster-sequential,,scatter004,0.8228610022342764,,,109
single,,scatter,exactextract,raster-sequential,,scatter005,1.0291690014128108,,,104
single,,scatter,exactextract,raster-sequential,,scatter006,0.8647799986647442,,,105
single,,scatter,exactextract,raster-sequential,,scatter007,0.9570340007485356,,,108
single,,scatter,exactextract,raster-sequential,,scatter008,0.8653479999338742,,,104
single,,scatter,exactextract,raster-sequential,,scatter009,0.8358279992535245,,,113
single,,scatter,exactextract,raster-sequential,,scatter010,0.7428220014844555,,,109
single,,scatter,exactextract,raster-sequential,,scatter011,0.7052690016280394,,,107
single,,scatter,exactextract,raster-sequential,,scatter012,0.7636150003236253,,,107
single,,scatter,exactextract,raster-sequential,,scatter013,0.8383290005440358,,,111
single,,scatter,exactextract,raster-sequential,,scatter014,0.7655199988221284,,,108
single,,scatter,exactextract,raster-sequential,,scatter015,0.8195580012397841,,,106
single,,scatter,exactextract,raster-sequential,,scatter016,0.8453160007775296,,,108
single,,scatter,exactextract,raster-sequential,,scatter017,1.4475419993686955,,,102
single,,scatter,exactextract,raster-sequential,,scatter018,1.1736630003724713,,,109
single,,scatter,exactextract,raster-sequential,,scatter019,0.836227998661343,,,104
single,,scatter,exactextract,raster-sequential,,scatter020,0.7167309995566029,,,106
single,,scatter,exactextract,raster-sequential,,scatter021,0.6977349985390902,,,110
single,,scatter,exactextract,raster-sequential,,scatter022,0.6592839999939315,,,110
single,,scatter,exactextract,raster-sequential,,scatter023,0.6959559977985919,,,108
single,,scatter,exactextract,raster-sequential,,scatter024,0.7107500023266766,,,110
single,,scatter,exactextract,raster-sequential,,scatter025,0.7616509974468499,,,106
single,,scatter,exactextract,raster-sequential,,scatter026,0.7440030021825805,,,110
single,,scatter,exactextract,raster-sequential,,scatter027,1.4322759998321999,,,107
single,,scatter,exactextract,raster-sequential,,scatter028,1.6339079993485939,,,107
single,,scatter,exactextract,raster-sequential,,scatter029,0.8711320006113965,,,106
single,,scatter,exactextract,raster-sequential,,scatter030,0.948859000345692,,,110
single,,scatter,exactextract,raster-sequential,,scatter031,0.9431399994355161,,,109
single,,scatter,exactextract,raster-sequential,,scatter032,0.7014479997451417,,,108
single,,scatter,exactextract,raster-sequential,,scatter033,0.6726610008627176,,,107
single,,scatter,exactextract,raster-sequential,,scatter034,0.6892819983477239,,,109
single,,scatter,exactextract,raster-sequential,,scatter035,0.7783120017847978,,,106
single,,scatter,exactextract,raster-sequential,,scatter036,0.6727189975208603,,,108
single,,scatter,exactextract,raster-sequential,,scatter037,0.7216170015453827,,,106
single,,scatter,exactextract,raster-sequential,,scatter038,0.9570160000293981,,,101
single,,scatter,exactextract,raster-sequential,,scatter039,1.7843710011220537,,,107
single,,scatter,exactextract,raster-sequential,,scatter040,1.1985309974988922,,,106
single,,scatter,exactextract,raster-sequential,,scatter041,0.796682001237059,,,109
single,,scatter,exactextract,raster-sequential,,scatter042,0.6959559977985919,,,102
single,,scatter,exactextract,raster-sequential,,scatter043,0.7717740008956753,,,105
single,,scatter,exactextract,raster-sequential,,scatter044,0.7579960001748987,,,111
single,,scatter,exactextract,raster-sequential,,scatter045,0.710623000486521,,,109
single,,scatter,exactextract,raster-sequential,,scatter046,0.7551429989689495,,,109
single,,scatter,exactextract,raster-sequential,,scatter047,0.684816997818416,,,109
single,,scatter,exactextract,raster-sequential,,scatter048,0.7243820000439882,,,107
single,,scatter,exactextract,raster-sequential,,scatter049,0.9014739989652298,,,107
single,,scatter,exactextract,raster-sequential,,scatter050,1.046514000336174,,,110
single,,scatter,exactextract,raster-sequential,,scatter051,0.8965490014816169,,,102
single,,scatter,exactextract,raster-sequential,,scatter052,0.8189319996745326,,,110
single,,scatter,exactextract,raster-sequential,,scatter053,0.8194990004994906,,,104
single,,scatter,exactextract,raster-sequential,,scatter054,0.6777220005460549,,,107
single,,scatter,exactextract,raster-sequential,,scatter055,0.6736479990649968,,,108
single,,scatter,exactextract,raster-sequential,,scatter056,0.6749669992132112,,,111
single,,scatter,exactextract,raster-sequential,,scatter057,0.650108002446359,,,111
single,,scatter,exactextract,raster-sequential,,scatter058,0.6791299965698272,,,111
single,,scatter,exactextract,raster-sequential,,scatter059,0.7111710001481697,,,109
single,,scatter,exactextract,raster-sequential,,scatter060,0.6638459999521729,,,106
single,,scatter,exactextract,raster-sequential,,scatter061,0.7552110000688117,,,106
single,,scatter,exactextract,raster-sequential,,scatter062,1.023179000185337,,,108
single,,scatter,exactextract,raster-sequential,,scatter063,1.2397640020935796,,,107
single,,scatter,exactextract,raster-sequential,,scatter064,0.9007600019685924,,,111
single,,scatter,exactextract,raster-sequential,,scatter065,0.8206359998439439,,,107
single,,scatter,exactextract,raster-sequential,,scatter066,0.7248900001286529,,,111
single,,scatter,exactextract,raster-sequential,,scatter067,0.7161940011428669,,,108
single,,scatter,exactextract,raster-sequential,,scatter068,0.6815330016252119,,,105
single,,scatter,exactextract,raster-sequential,,scatter069,0.7587200016132556,,,103
single,,scatter,exactextract,raster-sequential,,scatter070,0.7191340009740088,,,107
single,,scatter,exactextract,raster-sequential,,scatter071,0.653586997941602,,,108
single,,scatter,exactextract,raster-sequential,,scatter072,0.7168279989855364,,,108
single,,scatter,exactextract,raster-sequential,,scatter073,0.7557879980595317,,,110
single,,scatter,exactextract,raster-sequential,,scatter074,0.9870529975160025,,,108
single,,scatter,exactextract,raster-sequential,,scatter075,1.0680600025807507,,,108
single,,scatter,exactextract,raster-sequential,,scatter076,0.8022520014492329,,,108
single,,scatter,exactextract,raster-sequential,,scatter077,0.8108020010695327,,,109
single,,scatter,exactextract,raster-sequential,,scatter078,0.6684100007987581,,,106
single,,scatter,exactextract,raster-sequential,,scatter079,0.7815939970896579,,,111
single,,scatter,exactextract,raster-sequential,,scatter080,0.677838997944491,,,111
single,,scatter,exactextract,raster-sequential,,scatter081,0.6498530019598547,,,102
single,,scatter,exactextract,raster-sequential,,scatter082,0.6828219993622042,,,106
single,,scatter,exactextract,raster-sequential,,scatter083,0.6755430003977381,,,109
single,,scatter,exactextract,raster-sequential,,scatter084,0.6674229989585001,,,108
single,,scatter,exactextract,raster-sequential,,scatter085,0.7181960027082823,,,105
single,,scatter,exactextract,raster-sequential,,scatter086,0.9190529999614228,,,107
single,,scatter,exactextract,raster-sequential,,scatter087,1.3301130020408891,,,107
single,,scatter,exactextract,raster-sequential,,scatter088,0.8757539981161244,,,109
single,,scatter,exactextract,raster-sequential,,scatter089,0.7866369996918365,,,108
single,,scatter,exactextract,raster-sequential,,scatter090,0.6623810004384723,,,109
single,,scatter,exactextract,raster-sequential,,scatter091,0.6876900006318465,,,107
single,,scatter,exactextract,raster-sequential,,scatter092,0.6723570004396606,,,109
single,,scatter,exactextract,raster-sequential,,scatter093,0.6670610018773004,,,106
single,,scatter,exactextract,raster-sequential,,scatter094,0.7650910010852385,,,108
single,,scatter,exactextract,raster-sequential,,scatter095,0.6886859991936944,,,106
single,,scatter,exactextract,raster-sequential,,scatter096,0.6752699991920963,,,109
single,,scatter,exactextract,raster-sequential,,scatter097,0.6985950021771714,,,110
single,,scatter,exactextract,raster-sequential,,scatter098,0.7116690030670725,,,107
single,,scatter,exactextract,raster-sequential,,scatter099,0.9997170018323231,,,107
prepared,,,skarve,direct-source,,z000,3.0812939985480625,,,124
prepared,,,skarve,direct-source,,z001,2.9640819993801415,,,123
prepared,,,skarve,direct-source,,z002,1.5779160021338612,,,124
prepared,,,skarve,direct-source,,z003,1.7123239995271433,,,124
prepared,,,skarve,direct-source,,z004,1.599393999640597,,,131
prepared,,,skarve,direct-source,,z005,2.9190550012572203,,,97
prepared,,,skarve,direct-source,,z006,1.6848380000737961,,,123
prepared,,,skarve,direct-source,,z007,0.10688199836295098,,,77
prepared,,,skarve,direct-source,,z008,3.758311999263242,,,126
prepared,,,skarve,direct-source,,z009,2.03976199918543,,,125
prepared,,,skarve,direct-source,,z010,1.6836450013215654,,,127
prepared,,,skarve,direct-source,,z011,1.6016709996620193,,,125
prepared,,,skarve,direct-source,,z012,1.634776999708265,,,133
prepared,,,skarve,direct-source,,z013,3.32820300172898,,,105
prepared,,,skarve,direct-source,,z014,1.6959870008577127,,,125
prepared,,,skarve,direct-source,,z015,0.11241299944231287,,,77
prepared,,,skarve,direct-source,,z016,3.1065340008353814,,,125
prepared,,,skarve,direct-source,,z017,1.6923029979807325,,,125
prepared,,,skarve,direct-source,,z018,4.740909000247484,,,123
prepared,,,skarve,direct-source,,z019,1.7288870003540069,,,122
prepared,,,skarve,direct-source,,z020,1.5940390003379434,,,130
prepared,,,skarve,direct-source,,z021,3.0981109994172584,,,104
prepared,,,skarve,direct-source,,z022,2.0065300013811793,,,125
prepared,,,skarve,direct-source,,z023,0.1152279983216431,,,77
prepared,,,skarve,direct-source,,z024,1.794274001440499,,,123
prepared,,,skarve,direct-source,,z025,1.568857998790918,,,124
prepared,,,skarve,direct-source,,z026,1.5325849999499042,,,126
prepared,,,skarve,direct-source,,z027,1.8039040005533025,,,124
prepared,,,skarve,direct-source,,z028,1.8922589988505933,,,130
prepared,,,skarve,direct-source,,z029,3.1673519988544285,,,105
prepared,,,skarve,direct-source,,z030,1.5975860005710274,,,123
prepared,,,skarve,direct-source,,z031,0.1065600008587353,,,77
prepared,,,skarve,direct-source,,z032,1.6298129994538613,,,126
prepared,,,skarve,direct-source,,z033,3.212985997379292,,,124
prepared,,,skarve,direct-source,,z034,1.578376002726145,,,126
prepared,,,skarve,direct-source,,z035,1.6384109985665418,,,125
prepared,,,skarve,direct-source,,z036,3.068843001528876,,,127
prepared,,,skarve,direct-source,,z037,1.7194390020449646,,,103
prepared,,,skarve,direct-source,,z038,1.6619910020381212,,,123
prepared,,,skarve,direct-source,,z039,0.10974599717883393,,,77
prepared,,,skarve,direct-source,,z040,5.887281000468647,,,124
prepared,,,skarve,direct-source,,z041,3.4570329989946913,,,124
prepared,,,skarve,direct-source,,z042,1.6362720016331878,,,127
prepared,,,skarve,direct-source,,z043,1.5999210008885711,,,124
prepared,,,skarve,direct-source,,z044,1.58627000200795,,,133
prepared,,,skarve,direct-source,,z045,1.5615090014762245,,,99
prepared,,,skarve,direct-source,,z046,3.100338999502128,,,126
prepared,,,skarve,direct-source,,z047,0.1517830023658462,,,77
prepared,,,skarve,direct-source,,z048,1.5024889980850276,,,125
prepared,,,skarve,direct-source,,z049,1.6086670002550818,,,123
prepared,,,skarve,direct-source,,z050,1.5480929978366476,,,124
prepared,,,skarve,direct-source,,z051,1.6821099998196587,,,122
prepared,,,skarve,direct-source,,z052,1.5904129977570847,,,133
prepared,,,skarve,direct-source,,z053,1.6557269991608337,,,105
prepared,,,skarve,direct-source,,z054,1.6647960001137108,,,124
prepared,,,skarve,direct-source,,z055,0.1493010022386443,,,77
prepared,,,skarve,direct-source,,z056,3.3369590018992312,,,125
prepared,,,skarve,direct-source,,z057,1.657965000049444,,,123
prepared,,,skarve,direct-source,,z058,1.6414220008300617,,,128
prepared,,,skarve,direct-source,,z059,1.7856119993666653,,,125
prepared,,,skarve,direct-source,,z060,3.0327970016514882,,,131
prepared,,,skarve,direct-source,,z061,1.6434640019724611,,,105
prepared,,,skarve,direct-source,,z062,1.600623996637296,,,123
prepared,,,skarve,direct-source,,z063,0.10582600225461647,,,77
prepared,,,skarve,original-summary-index,,z000,2.350519000174245,,,124
prepared,,,skarve,original-summary-index,,z001,1.687476000370225,,,123
prepared,,,skarve,original-summary-index,,z002,0.8994510026241187,,,124
prepared,,,skarve,original-summary-index,,z003,1.1951119995501358,,,124
prepared,,,skarve,original-summary-index,,z004,1.2240850010130089,,,131
prepared,,,skarve,original-summary-index,,z005,1.4327969984151423,,,97
prepared,,,skarve,original-summary-index,,z006,0.44602699927054346,,,123
prepared,,,skarve,original-summary-index,,z007,0.10472299982211553,,,77
prepared,,,skarve,original-summary-index,,z008,1.3536670012399554,,,126
prepared,,,skarve,original-summary-index,,z009,1.4349759985634591,,,125
prepared,,,skarve,original-summary-index,,z010,1.140771000791574,,,127
prepared,,,skarve,original-summary-index,,z011,1.2875120009994134,,,125
prepared,,,skarve,original-summary-index,,z012,0.9527739966870286,,,133
prepared,,,skarve,original-summary-index,,z013,2.0766589987033512,,,105
prepared,,,skarve,original-summary-index,,z014,0.8058090024860576,,,125
prepared,,,skarve,original-summary-index,,z015,0.14256799840950407,,,77
prepared,,,skarve,original-summary-index,,z016,1.3997880014358088,,,125
prepared,,,skarve,original-summary-index,,z017,0.8958350008470006,,,125
prepared,,,skarve,original-summary-index,,z018,1.0796989990922157,,,123
prepared,,,skarve,original-summary-index,,z019,0.5174869984330144,,,122
prepared,,,skarve,original-summary-index,,z020,1.1097560018242802,,,130
prepared,,,skarve,original-summary-index,,z021,0.8157369993568864,,,104
prepared,,,skarve,original-summary-index,,z022,0.8615080005256459,,,125
prepared,,,skarve,original-summary-index,,z023,0.11852100215037353,,,77
prepared,,,skarve,original-summary-index,,z024,2.7706039982149377,,,123
prepared,,,skarve,original-summary-index,,z025,1.4582229996449314,,,124
prepared,,,skarve,original-summary-index,,z026,1.125751998188207,,,126
prepared,,,skarve,original-summary-index,,z027,1.5104140002222266,,,124
prepared,,,skarve,original-summary-index,,z028,0.7642899981874507,,,130
prepared,,,skarve,original-summary-index,,z029,2.329199000087101,,,105
prepared,,,skarve,original-summary-index,,z030,0.8906949988158885,,,123
prepared,,,skarve,original-summary-index,,z031,0.13900199701311067,,,77
prepared,,,skarve,original-summary-index,,z032,1.3843579981767107,,,126
prepared,,,skarve,original-summary-index,,z033,1.7476299981353804,,,124
prepared,,,skarve,original-summary-index,,z034,0.5398439971031621,,,126
prepared,,,skarve,original-summary-index,,z035,0.8342250002897345,,,125
prepared,,,skarve,original-summary-index,,z036,1.0924409980361816,,,127
prepared,,,skarve,original-summary-index,,z037,0.47724700198159553,,,103
prepared,,,skarve,original-summary-index,,z038,1.0100069994223304,,,123
prepared,,,skarve,original-summary-index,,z039,0.16061699716374278,,,77
prepared,,,skarve,original-summary-index,,z040,1.6288160004478414,,,124
prepared,,,skarve,original-summary-index,,z041,1.5383019999717362,,,124
prepared,,,skarve,original-summary-index,,z042,0.8205650010495447,,,127
prepared,,,skarve,original-summary-index,,z043,0.8880080022208858,,,124
prepared,,,skarve,original-summary-index,,z044,1.0648269999364857,,,133
prepared,,,skarve,original-summary-index,,z045,0.4900679996353574,,,99
prepared,,,skarve,original-summary-index,,z046,0.7530229995609261,,,126
prepared,,,skarve,original-summary-index,,z047,0.20807799955946393,,,77
prepared,,,skarve,original-summary-index,,z048,0.8010400015336927,,,125
prepared,,,skarve,original-summary-index,,z049,1.533238999400055,,,123
prepared,,,skarve,original-summary-index,,z050,1.250203000381589,,,124
prepared,,,skarve,original-summary-index,,z051,0.8485500002279878,,,122
prepared,,,skarve,original-summary-index,,z052,1.1076160008087754,,,133
prepared,,,skarve,original-summary-index,,z053,1.4611939986934885,,,105
prepared,,,skarve,original-summary-index,,z054,0.448899001639802,,,124
prepared,,,skarve,original-summary-index,,z055,0.09939699884853326,,,77
prepared,,,skarve,original-summary-index,,z056,2.0574400004989,,,125
prepared,,,skarve,original-summary-index,,z057,1.4728909991390537,,,123
prepared,,,skarve,original-summary-index,,z058,0.792677001300035,,,128
prepared,,,skarve,original-summary-index,,z059,1.557034000143176,,,125
prepared,,,skarve,original-summary-index,,z060,1.1751579986594152,,,131
prepared,,,skarve,original-summary-index,,z061,1.385257997753797,,,105
prepared,,,skarve,original-summary-index,,z062,0.4928430025756825,,,123
prepared,,,skarve,original-summary-index,,z063,0.11971200001426041,,,77
