cell_id,close_errors,error,exit_code,http_body_bytes,http_error_responses,http_get_requests,http_head_requests,http_observed_body_bytes,http_observed_requests,http_partial_responses,http_repeated_bytes,http_requests,http_transport_complete,http_unique_bytes,id,passed,peak_rss_bytes,process_cpu_seconds,process_system_seconds,process_user_seconds,process_wall_ms,regime,round,runtime_role,slot_scope,timeout,transport_failures
real36-band-singlewide,null,,0,21941738,0,291,6,21941738,297,0,0,297,True,21941738,real36-band-singlewide-0-http5-summary-candidate,True,125812736,0.6595329999999999,0.308895,0.350638,2601.178406000031,http5,0,candidate,target,False,null
g40-band-singlewide,null,,0,21348808,0,1689,6,21348808,1695,0,10402532,1695,True,10946276,g40-band-singlewide-1-http5-summary-candidate,True,140906496,1.805872,0.6849859999999999,1.120886,11389.009450999993,http5,1,candidate,target,False,null
real36-band-singlewide,null,,0,21941738,0,435,6,21941738,441,0,0,441,True,21941738,real36-band-singlewide-1-http5-summary-control,True,126087168,0.7840119999999998,0.29292799999999997,0.49108399999999985,3592.914886000017,http5,1,control,target,False,null
g40-row-mixed,null,,0,65748935,0,112,6,65748935,118,0,31978757,118,True,33770178,g40-row-mixed-0-http0-summary-control,True,138936320,1.770404,0.29774900000000004,1.472655,2863.522359000058,http0,0,control,batch_collateral,False,null
real36-band-singlewide,null,,0,21941738,0,435,6,21941738,441,0,0,441,True,21941738,real36-band-singlewide-0-http5-summary-control,True,126013440,0.702229,0.2791999999999999,0.4230290000000001,3475.156611999978,http5,0,control,target,False,null
g40-row-singlewide,null,,0,37377834,0,51,6,37377834,57,0,18417045,57,True,18960789,g40-row-singlewide-1-http5-summary-candidate,True,135839744,0.8658359999999998,0.1498560000000002,0.7159799999999996,1753.343586999904,http5,1,candidate,target,False,null
g40-band-mixed,null,,0,37066764,0,4168,6,37066764,4174,0,17922343,4174,True,19144421,g40-band-mixed-1-http0-summary-candidate,True,148791296,3.3160630000000006,1.15522,2.1608430000000007,5288.799713000003,http0,1,candidate,batch_collateral,False,null
g40-row-singlewide,null,,0,37377834,0,51,6,37377834,57,0,18417045,57,True,18960789,g40-row-singlewide-2-http5-summary-candidate,True,135938048,0.8905759999999994,0.18553700000000006,0.7050389999999993,1775.801240000078,http5,2,candidate,target,False,null
g40-row-mixed,null,,0,65748935,0,112,6,65748935,118,0,31978757,118,True,33770178,g40-row-mixed-1-http0-summary-control,True,138874880,1.6440850000000005,0.24885599999999997,1.3952290000000005,2706.302228000027,http0,1,control,batch_collateral,False,null
g40-band-singlewide,null,,0,21348808,0,1689,6,21348808,1695,0,10402532,1695,True,10946276,g40-band-singlewide-0-http5-summary-candidate,True,139059200,1.8039399999999994,0.5868240000000005,1.217115999999999,11421.79770100006,http5,0,candidate,target,False,null
g40-band-mixed,null,,0,37066764,0,4168,6,37066764,4174,0,17922343,4174,True,19144421,g40-band-mixed-2-http0-summary-control,True,148844544,3.2176340000000003,1.2466229999999996,1.9710110000000007,5093.0596069999865,http0,2,control,batch_collateral,False,null
g40-band-mixed,null,,0,37066764,0,4168,6,37066764,4174,0,17922343,4174,True,19144421,g40-band-mixed-1-http0-summary-control,True,148357120,3.2469160000000006,1.1620100000000004,2.084906,5147.17905100008,http0,1,control,batch_collateral,False,null
g40-row-mixed,null,,0,65748935,0,112,6,65748935,118,0,31978757,118,True,33770178,g40-row-mixed-2-http0-summary-candidate,True,138747904,1.6320289999999984,0.2366439999999992,1.3953849999999992,2711.2798280001016,http0,2,candidate,batch_collateral,False,null
real36-band-singlewide,null,,0,21941738,0,435,6,21941738,441,0,0,441,True,21941738,real36-band-singlewide-2-http5-summary-control,True,126111744,0.6813850000000006,0.26270300000000013,0.41868200000000044,3455.9827150000046,http5,2,control,target,False,null
g40-row-singlewide,null,,0,37377834,0,65,6,37377834,71,0,18417045,71,True,18960789,g40-row-singlewide-1-http5-summary-control,True,136286208,0.8545690000000006,0.21986400000000028,0.6347050000000003,1809.7045279999975,http5,1,control,target,False,null
g40-band-singlewide,null,,0,21348808,0,2249,6,21348808,2255,0,10402532,2255,True,10946276,g40-band-singlewide-2-http5-summary-control,True,139735040,2.298148000000001,0.932582,1.3655660000000012,14978.159612000014,http5,2,control,target,False,null
g40-band-singlewide,null,,0,21348808,0,2249,6,21348808,2255,0,10402532,2255,True,10946276,g40-band-singlewide-1-http5-summary-control,True,139681792,2.3380579999999984,0.8979499999999998,1.4401079999999986,15044.181705000028,http5,1,control,target,False,null
g40-row-mixed,null,,0,65748935,0,112,6,65748935,118,0,31978757,118,True,33770178,g40-row-mixed-1-http0-summary-candidate,True,138502144,1.7201819999999994,0.242896,1.4772859999999994,2798.717537000016,http0,1,candidate,batch_collateral,False,null
g40-band-singlewide,null,,0,21348808,0,1689,6,21348808,1695,0,10402532,1695,True,10946276,g40-band-singlewide-2-http5-summary-candidate,True,140845056,1.8510470000000012,0.7203370000000007,1.1307100000000005,11492.290629999956,http5,2,candidate,target,False,null
g40-row-mixed,null,,0,65748935,0,112,6,65748935,118,0,31978757,118,True,33770178,g40-row-mixed-2-http0-summary-control,True,138944512,1.7277570000000022,0.20253600000000027,1.525221000000002,2786.0215189999735,http0,2,control,batch_collateral,False,null
g40-band-singlewide,null,,0,21348808,0,2249,6,21348808,2255,0,10402532,2255,True,10946276,g40-band-singlewide-0-http5-summary-control,True,139612160,2.279004999999996,0.8712579999999992,1.407746999999997,14967.059149999954,http5,0,control,target,False,null
g40-row-singlewide,null,,0,37377834,0,51,6,37377834,57,0,18417045,57,True,18960789,g40-row-singlewide-0-http5-summary-candidate,True,136130560,1.050706,0.18928099999999937,0.8614250000000006,1954.0529110000762,http5,0,candidate,target,False,null
g40-row-singlewide,null,,0,37377834,0,65,6,37377834,71,0,18417045,71,True,18960789,g40-row-singlewide-0-http5-summary-control,True,136527872,0.970740000000001,0.16593899999999984,0.8048010000000012,1938.9921840000852,http5,0,control,target,False,null
g40-row-mixed,null,,0,65748935,0,112,6,65748935,118,0,31978757,118,True,33770178,g40-row-mixed-0-http0-summary-candidate,True,138563584,1.7048749999999995,0.26940200000000125,1.4354729999999982,2767.846779000024,http0,0,candidate,batch_collateral,False,null
g40-row-singlewide,null,,0,37377834,0,65,6,37377834,71,0,18417045,71,True,18960789,g40-row-singlewide-2-http5-summary-control,True,136507392,0.9062590000000004,0.15708500000000036,0.749174,1865.8605729999636,http5,2,control,target,False,null
g40-band-mixed,null,,0,37066764,0,4168,6,37066764,4174,0,17922343,4174,True,19144421,g40-band-mixed-0-http0-summary-candidate,True,148832256,3.332842000000003,1.202928,2.129914000000003,5266.454793000094,http0,0,candidate,batch_collateral,False,null
g40-band-mixed,null,,0,37066764,0,4168,6,37066764,4174,0,17922343,4174,True,19144421,g40-band-mixed-0-http0-summary-control,True,148570112,3.274507999999999,1.1878499999999992,2.086658,5195.566149000001,http0,0,control,batch_collateral,False,null
g40-band-mixed,null,,0,37066764,0,4168,6,37066764,4174,0,17922343,4174,True,19144421,g40-band-mixed-2-http0-summary-candidate,True,148865024,3.2828509999999973,1.2463429999999995,2.0365079999999978,5186.520246999976,http0,2,candidate,batch_collateral,False,null
real36-band-singlewide,null,,0,21941738,0,291,6,21941738,297,0,0,297,True,21941738,real36-band-singlewide-2-http5-summary-candidate,True,126283776,0.6624760000000034,0.258324,0.4041520000000034,2645.467510000003,http5,2,candidate,target,False,null
real36-band-singlewide,null,,0,21941738,0,291,6,21941738,297,0,0,297,True,21941738,real36-band-singlewide-1-http5-summary-candidate,True,126021632,0.7189839999999954,0.2529760000000003,0.4660079999999951,2712.2467120000238,http5,1,candidate,target,False,null
